N,L,KH,log10_KH,Perimeter_Scaled,Always_Negative,Perimeter_PreNorm,Perimeter_PostNorm,Period_PostNorm,State_PostNorm
9,0.1,-0.26582437102620998237156868526654,0.57540520504489811592918613314396,0.99999999999999988897769753748435,True,0.06912653675747898,0.5345040389226983,1.0,1
9,0.2,-0.28494718189153478427044774434762,0.54523563381212958312005412153667,0.99999999999999988897769753748435,True,0.22720551394476646,1.555669633756768,1.0,1
9,0.3,-0.33354049487892362124696887804021,0.47685143120822659490443129470805,1.0,True,0.4032322308275031,2.367057850285182,1.0,1
9,0.4,-0.44778861946883630196225567488,0.34892694819488878632540718172095,1.0,True,0.4048981306099356,2.0190218178187314,1.0,1
11,0.1,-0.11453285250849182252963487371744,0.94106992278525769535235667717643,1.0,True,0.11420697446189532,1.187414718399184,1.0,1
11,0.2,-0.13348181007499429484575159676751,0.87457791274355700661402579498827,1.0,True,0.40906590027249,3.588989671761509,1.0010000000000001,1
11,0.3,-0.18018441606392621157084477090393,0.74428277334648762497693041950697,1.0,True,0.8102386172261337,5.798083678945755,1.0,1
11,0.4,-0.25245637303728124534174526161223,0.59781366145101066944533840796794,1.0,True,1.163903598050926,6.766616125098703,1.0,1
11,0.5,-0.34176699024401724358313003904186,0.46626988616523257213941633381182,1.0,True,1.2937946671733018,6.211343215237027,1.0,1
11,0.6,-0.50189051731529232824868813622743,0.29939100977031835038033591445128,1.0,True,0.8500496221895852,3.4859478772175185,1.0,1
13,0.1,-0.0078467986300199601273908101006782,2.1053074924134911327655572677031,1.0000000000000002220446049250313,True,0.14836975794831586,1.912948140462151,1.0,1
13,0.2,-0.0126242324779340855250842068358,1.8987950164354869819760551763466,1.0000000000000002220446049250313,True,0.5537406514658829,5.755072244562912,1.0,1
13,0.3,-0.032518906427193537689301905402317,1.4878640676481118543250659058685,1.0,True,1.1032390332954418,8.958445143265129,1.0,1
13,0.4,-0.11108612834853423545489192747482,0.95434016930226417407823191751959,1.0,True,1.5872374306634431,10.105820687596493,1.0,1
13,0.5,-0.27054266455539621727410803941893,0.56776423695336275532241643304587,1.0000000000000002220446049250313,True,1.8587999026432316,9.512874349522871,1.0,1
13,0.6,-0.38129653943861296916395531297894,0.41873713626720182601204101047188,1.0000000000000002220446049250313,True,1.805706610708073,7.704672421777357,1.0,1
13,0.7,-0.56628355696469567792661337080062,0.24696604869163238382689939953707,1.0,True,0.9295216352646036,3.4729341044724302,1.0,1
15,0.1,-0.00031357800166600252600446196993289,3.5036544118363526223447479424067,1.0000000000000002220446049250313,True,0.18164539502585372,2.774189521606461,1.0,1
15,0.2,-0.00067811602588032499332876268383075,3.1686959918430908089703734731302,0.99999999999999988897769753748435,True,0.6950584746158108,8.193052018068512,1.0,1
15,0.3,-0.0030061377951504778850699839409799,2.5219911161303785185339165764162,1.0,True,1.3642548647313966,12.103683195322551,0.999,1
15,0.4,-0.018970378270353117911017903907123,1.7219240091698966299560424886295,1.0,True,1.9154337017793521,12.957697473510057,0.999,1
15,0.5,-0.11507516962798777782062131791463,0.93901837625632333939051932247821,1.0,True,2.226596463245279,11.862362609356886,1.0,1
15,0.6,-0.3261420414501017828179385560361,0.48659321470848893032012938419939,1.0,True,2.2634285551371143,9.909918213454455,1.0,1
15,0.7,-0.47408055316430913750380682358809,0.32414785912240479115453695158067,1.0,True,1.8606326775371962,7.020121085028294,1.0,1
17,0.1,-0.000008498343661158902853387103748517,5.0706657106285728531247514183633,0.99999999999999977795539507496869,True,0.21587725775374317,3.7856701475516816,1.0,1
17,0.2,-0.000026962683753933501496716923506725,4.56923688211017164917393529322,1.0,True,0.8375806247264532,10.87903824133777,1.0,1
17,0.3,-0.00023173009222435202148458743831583,3.6350175655264180818448949139565,1.0,True,1.6026168626792185,15.15674352942732,1.0,1
17,0.4,-0.0029541723833713981299531337043618,2.5295641661118679621722549200058,1.0,True,2.183187182310822,15.38920748495319,1.0,1
17,0.5,-0.032484717529488116305458333954448,1.4883209052851900100478133026627,1.0,True,2.4969099097522913,13.667070059653364,1.0,1
17,0.6,-0.24494233435930287678949923702021,0.61093614754281466705521097537712,0.99999999999999988897769753748435,True,2.5596614796083017,11.412194701816649,1.0,1
17,0.7,-0.414597050855006254987955571778,0.38237379148951067264761149999686,0.99999999999999988897769753748435,True,2.2947355479941693,8.741667930942187,1.0,1
17,0.8,-0.63882024821259397739936503057834,0.19462132680463639644585782662034,1.0,True,0.911494451839455,3.1334875578654016,1.0,1
19,0.1,-0.00000016758552061179213327204930335246,6.7757635071260740033949332428165,1.0,True,0.2516430253566341,4.95290168104042,1.0,1
19,0.2,-0.00000085625569636987967084084489785556,6.0673965262805085174591113172937,1.0,True,0.9806230596226385,13.746237501525082,1.0,1
19,0.3,-0.000015931060644569665010880296640572,4.7977553091486653258357364393305,1.0,True,1.8191652794385595,18.0324762778727,1.0,1
19,0.4,-0.0004371117022046039357618951726181,3.3594075665717624268324925651541,1.0,True,2.404521291537691,17.441914080138133,1.0,1
19,0.5,-0.0089938382572474218079605634557083,2.0460549269322476639842989243334,1.0,True,2.705678375944162,15.09996582107725,1.0,1
19,0.6,-0.10778758237040479694979211444661,0.96743126900682741009518395003397,1.0,True,2.7714107700426123,12.518055608903634,1.0,1
19,0.7,-0.36829537875053597328900423235609,0.43380373049543502483871293406992,0.99999999999999988897769753748435,True,2.5683098746640862,9.86729983327627,1.0,1
19,0.8,-0.57349753096516542516525305472896,0.24146844749333687407677473402146,1.0,True,1.6854729947133649,5.801781536051157,1.0,1
21,0.1,-0.0000000025268680111892247539890869739839,8.597417442492135464249258802738,1.0000000000000002220446049250313,True,0.2890159512333359,6.271348798051487,1.0,1
21,0.2,-0.000000022954414797854880603663590824849,7.6391337747037573180364233849104,1.0000000000000002220446049250313,True,1.122940915755639,16.729851144914903,1.0,1
21,0.3,-0.0000010212647095531036833706943489641,5.9908616751530523458768584532663,1.0,True,2.013281711317,20.663946878611764,1.0,1
21,0.4,-0.000063171329649744522205696839467493,4.1994799818444388250782139948569,0.99999999999999977795539507496869,True,2.587782151912694,19.149305877343174,1.0,1
21,0.5,-0.0024644723204250503119372428528777,2.6082760552346249127708688320126,0.99999999999999977795539507496869,True,2.8695586827537953,16.222840918254448,1.0,1
21,0.6,-0.047605950825639162249380831326562,1.3223387563298589775229174847482,1.0,True,2.932336514760741,13.381874579211734,1.0,1
21,0.7,-0.33219301601749950947350953356363,0.47860950233900495520700246743218,1.0,True,2.761082757385272,10.713146938159348,1.0,1
21,0.8,-0.50792576410598544445207380704232,0.29419975739137821379998172233172,0.99999999999999988897769753748435,True,2.073994678336982,7.146588528884221,1.0010000000000001,1
23,0.1,-3.0297829539412841527129535724113e-11,10.518588482151780993945067166351,1.0000000000000002220446049250313,True,0.3281620674687818,7.746221422254811,1.0,1
23,0.2,-5.4138449231839048123400661547311e-10,9.2664941885304337176876288140193,0.99999999999999988897769753748435,True,1.2628799318166002,19.76820030801279,1.0,1
23,0.3,-0.000000062929224880772121590887847614876,7.2011476175624880013970141590107,0.99999999999999988897769753748435,True,2.186242922317721,23.043343180590632,1.0,1
23,0.4,-0.0000090675267548106260588223689889098,5.0425111543083795950792591611389,1.0,True,2.740249916156751,20.56847057188786,1.0,1
23,0.5,-0.0006745343975342440925174747334836,3.1709958988039192995245230122237,1.0,True,3.001524038806079,17.128923877272147,1.0,1
23,0.6,-0.021026915598845435234620637743319,1.6772244285330732971317502233433,0.99999999999999977795539507496869,True,3.058863832523291,14.06873870054253,1.0,1
23,0.7,-0.28966916305186329871901307342341,0.53809773548051076375031698262319,1.0,True,2.906511767587621,11.31821540475347,1.0,1
23,0.8,-0.45491182114879008535623938769277,0.34207277762819926492099398274149,0.99999999999999988897769753748435,True,2.3284291238099466,8.059239333554366,0.999,1
25,0.1,-2.9766464690711915711605446160787e-13,12.526272742662253989465170889162,1.0,True,0.36893439098423697,9.374817815392666,1.0,1
25,0.2,-1.159065478432797160007491612467e-11,10.935892028989988133957922400441,0.99999999999999977795539507496869,True,1.3988279705910858,22.805234795202427,1.0,1
25,0.3,-0.0000000037989194199975269881399192657169,8.4203399182961806701541718211956,1.0000000000000002220446049250313,True,2.339513222844677,25.163232885349892,1.0,1
25,0.4,-0.000001303415746788311363918736948686,5.8849170365228946621982686338015,1.0,True,2.8671951303984247,21.728553254613946,1.0,1
25,0.5,-0.00018528450286459807608632766040557,3.7321609034109641811483015771955,1.0,True,3.109988322775807,17.88058806865802,1.0,1
25,0.6,-0.0092920940129350947100927982091889,2.031886404867024431553090835223,1.0,True,3.161797693270514,14.638821134211184,1.0,1
25,0.7,-0.17964617334624716216140427604842,0.74558202929322503482723050183267,1.0,True,3.021201814886738,11.827378849553728,1.0010000000000001,1
25,0.8,-0.41110194788030807178103032129002,0.3860504654437683091927624445816,0.99999999999999977795539507496869,True,2.5118717268195745,8.72812571042532,1.0,1
