0.001,5.0,0.4,0.6,0.1,0.001,-1.9017587949306354,0.2477710062220244
0.001,5.0,0.4,0.6,0.01,0.001,-1.3257990418992847,-0.6673678790158918
0.001,5.0,0.4,0.6,0.001,0.001,-1.3990242460979345,1.1920233471190802
0.1,5.0,0.4,0.6,0.001,0.1,-1.2566971881253737,-0.7136621253447548
0.01,5.0,0.4,0.6,0.001,0.01,-0.950198349550886,-0.8085260914544845
0.001,5.0,0.4,0.6,0.0001,0.001,-0.9148819439181992,-0.8087404398993462
0.001,3.0,0.4,0.6,0.01,0.001,1.168437113293575,0.893152867849086
0.001,3.0,0.4,0.6,0.00475,0.001,-1.807884513641165,-0.014824292112869245
0.052969999999999996,3.0,0.4,0.6,0.00475,0.001,0.14481723953785205,-0.3808402022879738
0.001,3.0,0.4,0.6,0.016,0.001,-0.5037354069087469,1.3782865427179252
0.001,3.0,0.4,0.6,0.16,0.001,-1.8599273163598478,0.035369968124336966
0.001,3.0,0.4,0.6,0.08,0.001,-2.0039692522458528,0.507327925716335
0.001,3.0,0.4,0.6,0.0,0.001,-1.0383276345444081,-0.8630895139579358
