lam,tA,tB,period,xA0,yA0,xB0,yB0,residual,r_A,r_B,inside_A,inside_B
0.99,4.944023265874117,0.364068078910139,5.308091344784256,0.702818014323936,0.9591598983150355,1.0078003729652658,1.008471858953648,1.2475886354748608e-13,9.460096588543806,1.0190504454164182,1,1
0.98,4.358875299714676,0.5215016239367883,4.880376923651464,0.6086467364298096,0.926003915811273,1.0146607704599264,1.0145722785789444,8.31609887948847e-15,6.156413352719282,1.0368183211020403,1,1
0.97,4.0084992270232185,0.6483794543068628,4.656878681330081,0.544339105645668,0.8964749838182935,1.0209618777250544,1.0194568706409952,6.75009151500363e-16,4.755504997753207,1.0544254278248735,1,1
0.96,3.7571351334133705,0.7606397053436692,4.51777483875704,0.4947299363902326,0.869416639568649,1.0268243341823047,1.023452581896148,1.2566991133355693e-13,3.9513378901536464,1.0721929448459933,1,1
0.95,3.5610492709998103,0.8643700202707044,4.425419291270515,0.4541411605685152,0.844230712320335,1.032315478279531,1.0267316773176858,1.4131662100941639e-15,3.4213055975824758,1.0903000060315606,1,1
0.94,3.4003926139543936,0.96266992268928,4.363062536643674,0.4197419419538738,0.8205471157479597,1.0374798454566223,1.0294028720714319,6.202843259582118e-13,3.042716776309047,1.1088702635710257,1,1
0.93,3.2644235855388275,1.0573783620503177,4.321801947589146,0.3898924269710491,0.798113505698867,1.0423496779921424,1.0315417078941393,5.89100225414055e-14,2.757622668801929,1.1280001759779936,1,1
0.92,3.1466552593228907,1.149699558672689,4.29635481799558,0.3635484400198723,0.7767467806147745,1.0469496732081696,1.033203945579085,7.94389885877136e-15,2.534729273332193,1.1477712742619233,1,1
0.91,3.042862490929201,1.2404799611728172,4.283342452102018,0.3399999665226503,0.7563081675196553,1.05129948615926,1.0344324841689487,1.2107912937171379e-15,2.355509123687496,1.168256419899461,1,1
0.9,2.950136310672591,1.3303479117501902,4.280484222422781,0.31874021351730475,0.7366890331168897,1.0554151903908513,1.035261330497139,2.488436102736628e-12,2.20822914124552,1.1895233707117936,1,1
0.89,2.866386876849813,1.4197909604526517,4.286177837302465,0.29939364958064485,0.7178021819971141,1.0593101952559631,1.0357180540978828,8.11819255051965e-13,2.0850659981482145,1.211636989346354,1,1
0.88,2.7900613545,1.5092017914531513,4.299263145953152,0.2816735854765352,0.699576212491806,1.0629958546761167,1.0358253940206106,2.7432371053519746e-13,1.9805862418971176,1.2346607073798903,1,1
0.87,2.7199738905144506,1.598907065300822,4.318880955815272,0.2653557581463286,0.6819516912821696,1.0664818889917766,1.0356023584207594,9.412538217645123e-14,1.8908893602418562,1.2586575553245303,1,1
0.86,2.6551980845136183,1.6891863746163278,4.344384459129946,0.25026113690968743,0.6648784668970337,1.0697766876148782,1.0350650045131982,3.2070116317757704e-14,1.8130976059602872,1.2836909277519521,1,1
0.85,2.594996232776004,1.7802851879009232,4.375281420676927,0.23624431708582866,0.6483137269531403,1.0728875324320448,1.0342270084245653,1.063163942374385e-14,1.7450383690001572,1.309825181698449,1,1
0.84,2.538771196300954,1.8724239859483087,4.411195182249262,0.2231854421208542,0.6322205582071098,1.0758207666524604,1.0331000920024558,3.564676827467016e-15,1.6850388765828286,1.337126128260225,1,1
0.83,2.486032720283266,1.9658049040319363,4.4518376243152025,0.2109844332235146,0.616566856644264,1.0785819249790964,1.0316943493164337,1.0252901607688307e-15,1.631789201389927,1.3656614556551314,1,1
0.82,2.436373285128146,2.0606166932640226,4.496989978392168,0.1995567737645584,0.6013244874308197,1.081175835657966,1.0300185010183383,8.790489074562048e-16,1.584248307547378,1.3955011092508256,1,1
0.81,2.3894504205866243,2.157038522238676,4.546488942825301,0.18883036866773145,0.5864686271345364,1.0836067016240196,1.0280800956735565,2.717007660977686e-16,1.5415780561994108,1.426717646252065,1,1
0.8,2.3449735096559077,2.2552429628525434,4.600216472508452,0.17874316404436472,0.5719772414520833,1.0858781658040417,1.0258856713606455,3.1334776301729953e-13,1.5030958675007506,1.4593865778371282,1,1
0.79,2.3026937785960664,2.3553983933615408,4.658092171957607,0.16924131528979786,0.5578306653739248,1.0879933642042996,1.023440887002361,3.7584777474600657e-13,1.4682401282557198,1.4935867084011138,1,1
0.78,2.2623965910465103,2.4576709803763728,4.720067571422883,0.16027775793112217,0.5440112619663762,1.0899549694220565,1.0207506302757494,7.897320057415817e-13,1.436544491240789,1.5294004795048375,1,1
0.77,2.223895436978968,2.5622263547936988,4.786121791772667,0.1518110789269919,0.5305031422635221,1.0917652265606719,1.0178191071884901,9.83771326172025e-13,1.4076184948207187,1.5669143248712318,1,1
0.76,2.1870271872548583,2.6692310648853708,4.856258252140229,0.14380461534716996,0.5172919332765427,1.0934259830168687,1.0146499170957999,9.944179643502154e-13,1.3811327512930835,1.606219041870036,1,1
0.75,2.151648306482645,2.7788538684064568,4.930502174889101,0.1362257273483501,0.504364584273246,1.0949387132789241,1.0112461160552875,8.811658824750985e-13,1.356807488523944,1.6474101844868545,1,1
0.74,2.117631800566031,2.8912669105406645,5.008898711106696,0.1290452063400936,0.4917092038111669,1.0963045396096227,1.0076102707403958,7.810220000959147e-13,1.334403587052638,1.6905884825004258,1,1
0.73,2.084864734353491,3.0066468242628854,5.091511558616377,0.122236789123987,0.4793149216881918,1.0975242493687483,1.0037445047700417,8.833240949195336e-11,1.31371549790812,1.7358602917462884,1,1
0.72,2.0532461934818222,3.1251757803018707,5.178421973783693,0.11577675603106957,0.46717177138926724,1.0985983090135953,0.9996505379330695,5.206602041672765e-13,1.2945655941586764,1.78333807867505,1,1
0.71,2.02268560507995,3.247042515553763,5.269728120633713,0.10964359588949954,0.4552705890557175,1.0995268767110933,0.9953297220544477,3.4181876027021e-13,1.276799627657252,1.833140948769532,1,1
0.7,1.9931013328631393,3.3724433512094585,5.3655446840725975,0.10381772528742007,0.44360292675671487,1.100309811388072,0.990783069924116,1.1107223762371826e-12,1.2602830451392397,1.885395216384787,1,1
0.69,1.9644195048132223,3.501583226698804,5.466002731512026,0.09828125147597633,0.43216097712513113,1.1009466810195647,0.9860112824579225,1.6352406395325152e-12,1.244897979781949,1.9402350294578088,1,1
0.68,1.936573022545024,3.6346767598791536,5.571249782424178,0.09301777122081054,0.4209375078856656,1.101436768851979,0.9810147719682986,2.1544743422095394e-12,1.2305407772807828,1.9978030506668176,1,1
0.67,1.9095007213208193,3.7719493498975525,5.6814500712183715,0.0880121991638506,0.40992580463103007,1.101779078256247,0.975793682929362,2.7190454811701644e-12,1.2171199486597384,2.0582512035402982,1,1
0.66,1.8831466535567705,3.9136383366143033,5.796784990171074,0.08325062064560418,0.3991196206229413,1.1019723362767813,0.9703479104882736,3.373649145951981e-12,1.2045544661464853,2.121741490982554,1,1
0.65,1.8574594744611712,4.0599942306966685,5.91745370515784,0.07872016491092552,0.3885131325923173,1.1020149959933163,0.9646771170504033,4.1682194365393035e-12,1.1927723367494516,2.1884468948590605,1,1
0.64,1.8323919126117125,4.211282028827947,6.04367394143966,0.07440889539455085,0.37810090168744914,1.1019052377871923,0.958780747210037,5.149067630049761e-12,1.1817094020672068,2.2585523663698304,1,1
0.63,1.80790031154532,4.367782629179276,6.175682940724596,0.07030571439222341,0.36787783885961317,1.1016409695836222,0.9526580412556703,6.300594166294457e-12,1.1713083235068469,2.33225591821144,1,1
0.62,1.7839442310070401,4.52979436334017,6.31373859434721,0.06640027990723707,0.35783917409008337,1.1012198261242432,0.9463080474438643,7.382936729641775e-12,1.1615177203118079,2.409769831010039,1,1
0.61,1.7604860985450095,4.697634662302862,6.458120760847872,0.06268293284908966,0.34798042895609266,1.100639167308983,0.9397296332065691,7.742140399634243e-12,1.152291434199853,2.491321988231743,1,1
0.6,1.7374909037667408,4.871641875862477,6.609132779629218,0.05914463307207921,0.3382973921100952,1.0998960756324023,0.9329214954321821,6.9592639048573486e-12,1.1435878994286626,2.5771573557835565,1,1
0.59,1.714925928881758,5.05217726696112,6.7671031958428784,0.055776902993454794,0.3287860973103801,1.098987352727677,0.925882169941292,5.320322637587374e-12,1.1353696010647416,2.667539624859988,1,1
0.58,1.6927605102177907,5.239627205109097,6.932387715326888,0.05257177773579851,0.3194428036950586,1.0979095150220033,0.9186100402650116,3.792304986029264e-12,1.1276026073739633,2.7627530393321105,1,1
0.57,1.6709658262482965,5.434405586123366,7.105371412371662,0.04952176090579796,0.3102639780350162,1.096658788494042,0.9111033458160093,3.0573835220470477e-12,1.1202561647632678,2.863104432164505,1,1
0.56,1.64951470836438,5.636956509114092,7.286471217478471,0.04661978525910296,0.30124627873721743,1.0952311025114758,0.9033601895272728,2.9068170368688505e-12,1.1133023457205389,2.9689254990838205,1,1
0.55,1.6283814712057836,5.847757246006989,7.4761387172127725,0.04385917761499701,0.2923865414022206,1.0936220827190715,0.8953785450288845,2.845216731141505e-12,1.1067157418281623,3.0805753421358992,1,1
0.54,1.607541759835708,6.067321544031113,7.674863303866822,0.04123362747913977,0.2836817657665036,1.0918270429366905,0.887156263424621,2.5121702434698452e-12,1.1004731952482278,3.198443320952827,1,1
0.53,1.5869724114301647,6.29620330767829,7.883175719108455,0.038737158911293736,0.2751291038822855,1.0898409760145298,0.8786910797216088,1.8374982554516703e-12,1.0945535631564027,3.3229522556703643,1,1
0.52,1.5666513294729025,6.535000713822735,8.101652043295637,0.03636410524084184,0.2667258494066813,1.0876585435805848,0.8699806189598283,9.958899137029325e-13,1.0889375104857741,3.4545620326856943,1,1
0.51,1.5465573687123169,6.784360822195601,8.330918190907918,0.03410908628826384,0.25846942788841576,1.0852740646021855,0.861022402082929,1.0883225871573009e-12,1.0836073270698154,3.5937736730574144,1,1
0.5,1.5266702293561996,7.0449847535033046,8.571654982859505,0.031966987797448526,0.2503573879544582,1.0826815026690968,0.8518138515872183,1.208871719398753e-12,1.0785467658753884,3.7411339336115255,1,1
0.49,1.506970359161547,7.317633519487769,8.824603878649317,0.029932942823268378,0.24238739331122636,1.0798744518897583,0.8423522969818965,1.007292672652852e-12,1.0737408995160984,3.897240523085122,1,1
0.48,1.4874388622255974,7.603134603556022,9.090573465781619,0.028002314852430325,0.23455721548559638,1.0768461212744003,0.8326349800901931,5.955190325794925e-13,1.0691759926524798,4.062748030355213,1,1
0.47,1.468057413404611,7.902389407754413,9.370446821159025,0.02617068246425831,0.22686472724025364,1.0735893174580409,0.822659060217451,1.0720881015119087e-15,1.0648393882335443,4.2383746795121455,1,1
0.46,1.4488081773882469,8.216381702460389,9.665189879848636,0.024433825362531688,0.21930789660610064,1.0700964255950598,0.8124216192121833,2.496743590572445e-15,1.060719405826313,4.424910047949773,1,1
0.45,1.4296737315201227,8.54618723996796,9.975860971488082,0.02278771163049691,0.211884781481101,1.0663593882236266,0.8019196664339574,2.8260095199744528e-15,1.0568052505261063,4.623223909566825,1,1
0.44,1.4106369915415713,8.89298472318525,10.303621714726821,0.021228486079265453,0.20459352475249556,1.0623696818817479,0.7911501436603124,7.054766749414384e-16,1.0530869311479574,4.834276396862519,1,1
0.43,1.3916811394400666,9.258068357080731,10.649749496520798,0.019752459575348127,0.19743234990353709,1.0581182912031954,0.7801099299375043,3.5362884183376386e-15,1.0495551865761015,5.05912971427037,1,1
0.42,1.3727895526333165,9.642862254982145,11.01565180761546,0.018356099246577568,0.1903995570720682,1.053595680192339,0.7687958463961612,3.517335154558926e-15,1.0462014192980729,5.298961682616841,1,1
0.41,1.3539457337179062,10.048937026251194,11.4028827599691,0.017036019477349087,0.18349351953257642,1.048791760323019,0.7572046610443032,3.637258899824115e-15,1.0430176352778218,5.555081453140953,1,1
0.4,1.3351332400041291,10.478028938813123,11.813162178817253,0.01578897361427529,0.17671268057781203,1.043695855049248,0.7453330935494787,5.5984145857016264e-15,1.0399963894315531,5.828947802125809,1,1
0.39,1.3163356120331038,10.93206213278093,12.248397744814033,0.014611846312197647,0.17005555078012027,1.0382966602469021,0.7331778200201919,6.138407488894653e-15,1.0371307360637365,6.122190507655032,1,1
0.38,1.297536300227694,11.41317446421866,12.710710764446354,0.013501646458229932,0.16352070561657028,1.0325822000235283,0.7207354777949436,1.3419089726749083e-14,1.034414183701375,6.436635423293866,1,1
0.37,1.2787185887640582,11.923747686467049,13.202466275231107,0.012455500618266231,0.15710678344574372,1.026539777235559,0.7080026702455231,1.6964861529410057e-14,1.0318406538341873,6.774334006146698,1,1
0.36,1.259865515661438,12.466442837646587,13.726308353308026,0.0114706469563194,0.15081248382788418,1.0201559179341566,0.6949759715990538,2.596307528663435e-14,1.029404443128494,7.137598237398897,1,1
0.35,1.2409597879712875,13.044241906527043,14.28520169449833,0.010544429582253226,0.14463656618393603,1.0134163088185708,0.6816519317812356,5.50479311642368e-14,1.0271001887347644,7.52904210362581,1,1
0.34,1.2219836907963022,13.660497107614264,14.882480798410565,0.009674293288050216,0.13857784879306564,1.0063057266026347,0.6680270812804696,9.566021611106263e-14,1.0249228363541245,7.95163110227958,1,1
0.33,1.2029189886789773,14.318989427084194,15.521908415763171,0.008857778636782235,0.13263520813258967,0.9988079579886397,0.6540979360298025,1.945202269757719e-13,1.0228676107686625,8.40874161571908,1,1
0.32,1.1837468176578139,15.023998527073235,16.207745344731048,0.008092517371990883,0.1268075785689046,0.9909057086829396,0.6398610022999021,3.675437415981611e-13,1.020929988574906,8.904232493369094,1,1
0.31,1.164447565984329,15.780386648090845,16.944834214075176,0.007376228118315772,0.12109395241341388,0.9825804995661991,0.6253127815916901,7.188520046982191e-13,1.0191056728901275,9.442531830178776,1,1
0.3,1.1450007411110354,16.593699870930482,17.73870061204152,0.006706712346942499,0.11549338036337022,0.9738125477325239,0.6104497755127211,1.3848760730039984e-12,1.017390569827739,10.028742785746541,1,1
0.29,1.125384820072663,17.470291049938947,18.59567587001161,0.006081850581870132,0.11000497235474962,0.9645806296103121,0.595268490613305,2.6897343255810836e-12,1.0157807665614413,10.66877342822659,1,1
0.28,1.1055770797681188,18.41746999225637,19.523047072024486,0.005499598825096671,0.10462789886249464,0.9548619227487634,0.579765443151758,5.21117364334804e-12,1.0142725108185144,11.36949711798361,1,1
0.27,1.0855534028598222,19.443688150540787,20.52924155340061,0.004957985180676101,0.09936139269366083,0.9446318220511376,0.5639371637456403,1.016282271325398e-11,1.012862191660923,12.138952021637948,1,1
0.26,1.0652880539798328,20.558767388531578,21.624055442511413,0.004455106659078865,0.09420475132917516,0.9338637251993256,0.5477802018392373,6.203736862656366e-15,1.0115463214293106,12.986591190101512,1,1
0.25,1.044753419718491,21.77418551352626,22.81893893324475,0.003989126145278516,0.0891573398974927,0.9225287807642872,0.5312911299879868,1.5892506914419032e-14,1.0103215187385377,13.923598572030388,1,1
0.24,1.023919703888825,23.103435606700724,24.12735531058955,0.0035582695134048527,0.0842185948492392,0.9105955905670684,0.5144665476979601,1.6521209305114976e-14,1.0091844924286535,14.963291845665317,1,1
0.23,1.0027545677098026,24.56248225163057,25.565236819340374,0.0031608228743303882,0.07938802847652776,0.8980298558907611,0.49730308489212655,5.1867763481691586e-14,1.0081320263830102,16.121640778316397,1,1
0.22,0.981222701169,26.17034637001263,27.15156907118163,0.0027951299408098523,0.07466523440505203,0.8847939538388454,0.4797974047012751,1.1184093930490262e-13,1.0071609651388627,17.417941063169824,1,1
0.21,0.9592853079831217,27.949862750823698,28.90914805880682,0.002459589496597933,0.07004989425322318,0.8708464262246305,0.4619462054087585,2.314033447536168e-13,1.0062682002229808,18.875699987003948,1,1
0.2,0.9368994809908424,29.928672428753597,30.86557190974444,0.0021526529557152844,0.06554178569726966,0.8561413577886663,0.44374622124874014,4.817556035824084e-13,1.0054506571535067,20.523814585866294,1,1
0.19,0.9140174371986031,32.14053888377269,33.054556320971294,0.0018728219979587245,0.06114079225263554,0.840627612900966,0.42519422166721654,9.855111966074383e-13,1.0047052830563266,22.398159583211914,1,1
0.18,0.890585571013231,34.627117551524755,35.51770312253799,0.0016186462662508665,0.056846915176988935,0.8242478891891203,0.40628700851720234,2.063481195047886e-12,1.0040290348504548,24.543758678919307,1,1
0.17,0.8665432689797727,37.440370573522564,38.30691384250234,0.0013887211104522436,0.05266028803022895,0.8069375312805986,0.38702141046877486,4.7108519114059625e-12,1.0034188679622396,27.017800989046513,1,1
0.16,0.8418214072842266,40.64591705024742,41.48773845753165,0.0011816853606784888,0.048581194608000665,0.788623025741038,0.36739427364181027,1.0714040450718129e-11,1.002871725532573,29.893905946140467,1,1
0.15,0.8163404206572811,44.327767697252895,45.14410811791018,0.000996219110745958,0.04461009122119301,0.7692200656053432,0.3474024470620552,2.8379473877749353e-14,1.0023845280846795,33.268272706209494,1,1
0.14,0.7900077821223176,48.59515568269898,49.3851634648213,0.0008310414889882694,0.04074763467207478,0.7486310236111597,0.32704276101980057,2.4178534311437785e-13,1.0019541636220903,37.268743762554955,1,1
0.13,0.7627146565565356,53.59262435561771,54.35533901217424,0.0006849083880469458,0.03699471780844308,0.7267415966746364,0.30631199537880605,3.3337080888298817e-13,1.001577478127649,42.06849955168991,1,1
0.12,0.7343313698716948,59.515325760294694,60.24965713016639,0.000556610118346298,0.033352515396932916,0.703416262786857,0.28520683374752354,2.37358395010435e-12,1.0012512664327247,47.907343532019745,1,1
0.11,0.7047011359107599,66.63294070510916,67.33764184101992,0.00044496893801218053,0.029822544327196547,0.678491991586295,0.2637237970774804,9.02703927644701e-12,1.0009722634230676,55.12587779459078,1,1
0.1,0.6736311435391376,75.32842928171169,76.00206042525083,0.00034883639529800087,0.026406744260148652,0.6517693098686692,0.24185914683660342,3.766850580867163e-11,1.0007371355406405,64.22248870593486,1,1
0.09,0.6408795028082401,86.16348214745437,86.80436165026262,0.0002670903928537931,0.023107588310307337,0.622999219145143,0.21960874186111212,2.349572149706596e-12,1.0005424725292626,75.95268990305543,1,1
0.08,0.6061354226450562,99.99472461218883,100.60086003483389,0.0001986318408423969,0.01992823945932553,0.5918633350342031,0.19696782249889155,2.318933264344976e-12,1.0003847793524732,91.51177310929833,1,1
0.07,0.5689877603280599,118.19295098208651,118.76193874241457,0.00014238069399521557,0.016872779560995293,0.5579423846161617,0.1739306754847106,7.138367602809708e-11,1.0002604681809275,112.89313988292011,1,1
0.06,0.5288723294736133,143.0892964945929,143.61816882406652,9.727104275708684e-05,0.013946559838643978,0.5206634416772324,0.1504900937904784,3.9332707841555597e-11,1.000165850293751,143.65063202311225,1,1
0.05,0.48497725891309884,178.97621741139923,179.46119467031232,6.224469220013438e-05,0.011156768566971294,0.47920518048417904,0.12663646005606438,2.4966909278641817e-11,1.0000971276480595,190.69889190364688,1,1
0.04,0.4360565429077501,234.6669381808321,235.10299472373984,3.6242178955682e-05,0.008513422039649584,0.4323112665996298,0.10235607704563035,1.352415279654436e-09,1.0000503837055912,269.20670351913026,1,1
0.03,0.380011805905266,331.3829803336778,331.76299213958305,1.8189072809067638e-05,0.006031285814671518,0.3778718623641808,0.07762780530557611,2.194691385120714e-09,1.0000215727751491,418.8656175128185,1,1
0.02,0.3127474334948568,535.4041990998496,535.7169465333445,6.972428738596329e-06,0.003734239806438496,0.3117782890326595,0.05241514419677771,4.625973750448462e-09,1.0000065063870227,778.45013416019,1,1
0.01,0.22366892536139701,1198.621211520292,1198.8448804456534,1.3918004405433834e-06,0.0016684074945851764,0.2234203615015673,0.026641617040131196,5.7239244659989747e-11,1.0000008331605699,2233.2052041576153,1,1
