variable,has_inflection
GR,False
G,False
GrR,True
Gr,True
GcR,True
Gc,False
GBR,True
GB,True
GBRb,True
GBb,True
MnPo,False
McPo,False
MnPt,False
McPt,False
MnRt,False
McRt,False
MnRev,True
McRev,True
MnRo,True
McRo,True
MnB,False
McB,False
MnNp,False
McNp,False
B,False
Cl,False
BC,False
cyrev,True
revn,True
cyrevg,True
revng,True
cyrevgp,True
revngp,True
cyrevp,True
revnp,True
gto,False
x00001,False
x00011,True
x00100,True
x00110,True
x00200,True
x00210,True
x01000,True
x01010,True
x01011,True
x02000,True
x02010,True
x02011,False
x10000,False
x10100,False
x20000,False
x20010,True
x20011,True
x20100,False
x20110,True
x20111,True
x21000,False
x21010,True
x21011,True
x21100,False
x21110,True
x21111,True
x22000,False
x22010,True
x22011,True
x22100,False
x22110,True
x22111,True
x30000,True
x30100,True
x30200,True
x30300,True
x40000,True
x40010,True
x40011,True
x40100,True
x40110,True
x40111,True
x40200,True
x40210,True
x40211,True
x40300,True
x40310,True
x40311,True
x41000,True
x41010,True
x41011,True
x41100,True
x41110,True
x41111,True
x41200,True
x41210,True
x41211,True
x41300,True
x41310,True
x41311,True
x42000,True
x42010,True
x42011,True
x42100,True
x42110,True
x42111,True
x42200,True
x42210,True
x42211,True
x42300,True
x42310,True
x42311,True
x50000,True
x50010,True
x50011,True
x50100,True
x50110,True
x50111,True
x50200,True
x50210,True
x50211,True
x50300,True
x50310,True
x50311,True
x51000,True
x51010,True
x51011,True
x51100,True
x51110,True
x51111,True
x51200,True
x51210,True
x51211,True
x51300,True
x51310,True
x51311,True
x52000,True
x52010,True
x52011,True
x52100,True
x52110,True
x52111,True
x52200,True
x52210,True
x52211,True
x52300,True
x52310,True
x52311,True
x60000,True
x60010,True
x60011,True
x60100,True
x60110,True
x60111,True
x60200,True
x60210,True
x60211,True
x60300,True
x60310,True
x60311,True
x61000,True
x61010,True
x61011,True
x61100,True
x61110,True
x61111,True
x61200,True
x61210,True
x61211,True
x61300,True
x61310,True
x61311,True
x62000,True
x62010,True
x62011,True
x62100,True
x62110,True
x62111,True
x62200,True
x62210,True
x62211,True
x62300,True
x62310,True
x62311,True
