time,x
0.0,0.14118394363169434
0.02083333333333326,0.13073931609451492
0.04166666666666652,0.11721312711318052
0.0625,0.10094694577349732
0.08333333333333326,0.08236466126032654
0.10416666666666652,0.0619572618136128
0.125,0.040260970540889174
0.14583333333333326,0.017831051471748474
0.16666666666666652,-0.00478620884822565
0.1875,-0.027080072477093813
0.20833333333333326,-0.04859750026399148
0.22916666666666652,-0.06895620228685766
0.25,-0.08785257297299104
0.27083333333333326,-0.10505832947002196
0.2916666666666665,-0.12041309016277951
0.3125,-0.13381215200615998
0.33333333333333326,-0.1451937041864877
0.3541666666666665,-0.15452702385784844
0.375,-0.16180152069987436
0.39583333333333326,-0.16701964687151455
0.4166666666666665,-0.17019314096292407
0.4375,-0.17133887628525363
0.45833333333333326,-0.1704832163304979
0.4791666666666665,-0.16766171191533663
0.5,-0.16292244104748274
0.520833333333333,-0.1563298663681875
0.5416666666666665,-0.1479671872837328
0.5625,-0.1379391189311403
0.583333333333333,-0.1263761640440873
0.6041666666666665,-0.11343726713603261
0.625,-0.09931455614422449
0.645833333333333,-0.08423620818569777
0.6666666666666665,-0.06846830360348186
0.6875,-0.05231178293238747
0.708333333333333,-0.03609581967814179
0.7291666666666665,-0.02016439464344205
0.75,-0.004859649095636993
0.770833333333333,0.00949605442946734
0.7916666666666665,0.02261565624834025
0.8125,0.034257002734625126
0.833333333333333,0.044226129832280636
0.8541666666666665,0.05237132470099349
0.875,0.0585726034560995
0.895833333333333,0.06273034889818312
0.9166666666666665,0.06475709983089883
0.9375,0.06457732530899929
0.958333333333333,0.06213451083595947
0.9791666666666665,0.05740569927758519
1.0,0.05041937245116906
1.020833333333333,0.04127146520296352
1.0416666666666665,0.03013498947812024
1.0625,0.01726162612792588
1.083333333333333,0.002971348999002604
1.1041666666666665,-0.0123654827855745
1.125,-0.028352040382630853
1.145833333333333,-0.044589787781409276
1.1666666666666665,-0.06070125718137841
1.1875,-0.07634735598199179
1.208333333333333,-0.09123681107117822
1.2291666666666665,-0.10513091333990987
1.25,-0.11784061934201773
1.270833333333333,-0.12922077911016946
1.2916666666666665,-0.13916179718601462
1.3125,-0.14758207728147962
1.333333333333333,-0.15442039942253377
1.3541666666666665,-0.15963064571954774
1.375,-0.16317832332231913
1.395833333333333,-0.16503707634050072
1.4166666666666665,-0.16518818728639914
1.4375,-0.16362276108257598
1.458333333333333,-0.1603417834241458
1.4791666666666665,-0.15535972904400838
1.5,-0.1487074633396362
1.520833333333333,-0.1404350291771002
1.5416666666666665,-0.13061465392332994
1.5625,-0.11934121978570775
1.583333333333333,-0.10673200244961889
1.6041666666666665,-0.09292555909649125
1.625,-0.07808145438191041
1.645833333333333,-0.06238122904600511
1.6666666666666665,-0.04603174000757244
1.6875,-0.029270257164393354
1.708333333333333,-0.012369923191054611
1.7291666666666665,0.00435748781325449
1.75,0.020563940240839525
1.770833333333333,0.03587489958992436
1.7916666666666665,0.0499065356713127
1.8125,0.06228922746302596
1.833333333333333,0.07269340842873795
1.8541666666666665,0.0808542264508775
1.875,0.08658804488555147
1.895833333333333,0.08980079075980403
1.9166666666666665,0.09048721874905465
1.9375,0.0887218251356272
1.958333333333333,0.0846449713544693
1.9791666666666665,0.07844819605371656
2.0,0.07035992261172287
2.020833333333333,0.06063365501727453
2.0416666666666665,0.04953924781270593
2.0625,0.03735350750777038
2.083333333333333,0.024352891613529194
2.1041666666666665,0.010805385375115044
2.125,-0.0030363236677550137
2.145833333333333,-0.016941328039606213
2.1666666666666665,-0.03070184440266182
2.1875,-0.044132117397195796
2.208333333333333,-0.057065483059674224
2.2291666666666665,-0.06934590357181018
2.25,-0.08081970539849809
2.270833333333333,-0.09133171904748573
2.2916666666666665,-0.1007217477116543
2.3125,-0.10882572242490697
2.333333333333333,-0.11548064699277427
2.3541666666666665,-0.12053308449720836
2.375,-0.12384767025714574
2.395833333333333,-0.12531652752982667
2.4166666666666665,-0.12486636199475996
2.4375,-0.1224631710852307
2.458333333333333,-0.11811437065013343
2.4791666666666665,-0.11186661281673252
2.5,-0.10380251233483402
2.520833333333333,-0.09403519289530896
2.541666666666666,-0.08270256685291946
2.5625,-0.0699624277964126
2.583333333333333,-0.055988272405519866
2.604166666666666,-0.04096901620386216
2.625,-0.025109966478950658
2.645833333333333,-0.00863564811317753
2.666666666666666,0.008207107813157966
2.6875,0.0251497776225318
2.708333333333333,0.04190495724932558
2.729166666666666,0.058172130431172
2.75,0.07364704166244743
2.770833333333333,0.0880325646436041
2.791666666666666,0.10104982574965893
2.8125,0.11244718379501742
2.833333333333333,0.1220082663150622
2.854166666666666,0.12955654645318124
2.875,0.13495994690059618
2.895833333333333,0.13813328085249502
