time,x,x_dot,curvature
0.0,0.20255897432331982,,0.0
0.02083333333333326,0.16626791171748073,,0.0
0.04166666666666652,0.1539213989312329,-0.3840010320654743,0.0
0.0625,0.14291809722913912,-1.011856379958661,0.0
0.08333333333333326,0.11176071643295538,-1.5460833420603324,0.0
0.10416666666666652,0.08194654672092572,-1.3472407989512911,0.0
0.125,0.05266983038060874,-1.862105924627246,0.0
0.14583333333333326,0.007001208548188809,-1.8685587438488174,0.0
0.16666666666666652,-0.022275507792128335,-1.3805358779093357,0.0
0.1875,-0.05047647269876651,-0.8839424774910982,0.0
0.20833333333333326,-0.06201765011769986,-0.9076039408905101,0.0
0.22916666666666652,-0.08995031068360879,-1.2483341741316254,0.0
0.25,-0.11116522644823906,-0.9903582450901655,0.0
0.27083333333333326,-0.1315735398101739,-0.8882421044647896,0.0
0.2916666666666665,-0.14741392185767938,-0.6152157916348664,0.0
0.3125,-0.15787934784293392,-0.4679535677856663,0.0
0.33333333333333326,-0.16780774280160277,-0.4808524487067498,0.0
0.3541666666666665,-0.17773571541514444,-0.4572045003514057,0.0
0.375,-0.18605175025867599,-0.2755469500931087,0.0
0.39583333333333326,-0.18953028241166836,-0.1669661645826208,0.0
0.4166666666666665,-0.1932775412505171,-0.10463508850804515,0.0
0.4375,-0.19380050220421813,-0.012204934237052267,0.0
0.45833333333333326,-0.19405473647206273,0.015742641091989196,0.0
0.4791666666666665,-0.19269661062477036,0.12324514109803286,0.0
0.5,-0.18838206888793219,0.3242662171625619,0.0
0.520833333333333,-0.17923044680568206,0.5112864754744214,0.0
0.5416666666666665,-0.16739198020999682,0.6649846247401219,0.0
0.5625,-0.15259752006989286,0.654249072349949,0.0
0.583333333333333,-0.14156481118664893,0.3016914861701244,0.0
0.6041666666666665,-0.1361753627063862,0.7295043700532433,0.0
0.625,-0.11143759284447458,1.085284987082818,0.0
0.645833333333333,-0.09395586584580881,0.8627809805743616,0.0
0.6666666666666665,-0.07513008307273444,0.7509923686386908,0.0
0.6875,-0.061410529676055536,0.8434191441486564,0.0
0.708333333333333,-0.03882299564612107,1.1702043091938978,0.0
0.7291666666666665,-0.014353952470065934,1.12829477186388,0.0
0.75,0.008771457276707917,1.2723322754828148,0.0
0.770833333333333,0.037271400740606364,1.2056762317269154,0.0
0.7916666666666665,0.05609676116855361,0.586518121850615,0.0
0.8125,0.06282942073297076,0.20170150770449946,0.0
0.833333333333333,0.06660608675296936,0.18236501198640798,0.0
0.8541666666666665,0.07092062848980751,0.20710307150975482,0.0
0.875,0.07523517022664561,0.21997323296221327,0.0
0.895833333333333,0.08008632064494209,0.23609683411358917,0.0
0.9166666666666665,0.0849383157534927,0.22645139289140026,0.0
0.9375,0.08952158417618694,0.23933506938792903,0.0
0.958333333333333,0.09410443025375437,0.11355746536314482,0.0
0.9791666666666665,0.09358146930005312,-0.12290850314627022,0.0
1.0,0.08902803040363588,-0.2905804400764742,0.0
1.020833333333333,0.07963751116180667,-0.8473973375951609,0.0
1.0416666666666665,0.05519787516690133,-1.1644931375249967,0.0
1.0625,0.03478956180496692,-0.7377551603853025,0.0
1.083333333333333,0.02136771993016706,-0.9677852034782388,0.0
1.1041666666666665,-0.006564940635741867,-1.397746211467692,0.0
1.125,-0.03369184348920928,-1.2214750205900762,0.0
1.145833333333333,-0.05625039268312082,-0.8796563655614622,0.0
1.1666666666666665,-0.07074714130134555,-0.5528576854721621,0.0
1.1875,-0.08309323174246644,-0.9849701963289732,0.0
1.208333333333333,-0.11022013459593377,-1.1139877250085974,0.0
1.2291666666666665,-0.12579178995758336,-0.5120230548855665,0.0
1.25,-0.1338386757701315,-0.4120584171275594,0.0
1.270833333333333,-0.1440357974146566,-0.44108258858054505,0.0
1.2916666666666665,-0.15315758997062984,-0.666797800275205,0.0
1.3125,-0.17007245641643365,-0.5711446151544519,0.0
1.333333333333333,-0.17543249771554667,-0.182041889078693,0.0
1.3541666666666665,-0.1794489055853784,-0.17450233745014865,0.0
1.375,-0.1826587110525147,-0.11646075206622475,0.0
1.395833333333333,-0.18425657874964052,-0.051952832416662265,0.0
1.4166666666666665,-0.18477869501308744,0.016842888543037615,0.0
1.4375,-0.18342056916579486,0.11248255861972067,0.0
1.458333333333333,-0.18018135651750877,0.19417716050052813,0.0
1.4791666666666665,-0.1755985104399413,0.21246409018281387,0.0
1.5,-0.1707465153313909,0.3414512100132887,0.0
1.520833333333333,-0.1610578622225553,0.5381591440600488,0.0
1.5416666666666665,-0.14921897328174294,0.5650301232651673,0.0
1.5625,-0.13791796005776985,0.4693786275249232,0.0
1.583333333333333,-0.12688482882939917,0.9681218414300097,0.0
1.6041666666666665,-0.09972936348503589,1.036900668584632,0.0
1.625,-0.08574066105737371,0.7252081218405584,0.0
1.645833333333333,-0.06798978502772424,0.7423914253107758,0.0
1.6666666666666665,-0.05427023163104555,0.8305202632275548,0.0
1.6875,-0.03356378440210456,0.8703070171588592,0.0
1.708333333333333,-0.017962721859304975,0.9004027165942399,0.0
1.7291666666666665,0.0048935388564856075,1.204599635602982,0.0
1.75,0.0282876752891158,0.6553358047569233,0.0
1.770833333333333,0.035289483884516165,0.6349125766318519,0.0
1.7916666666666665,0.061370887175708655,2.051627838802312,0.0
1.8125,0.11083108979126549,1.5227618953736988,0.0
1.833333333333333,0.1197135628425324,0.09528574010543989,0.0
1.8541666666666665,0.12134041537568141,0.021130689853182227,0.0
1.875,0.121624056824676,-0.013266325936422185,0.0
1.895833333333333,0.12083236918511875,-0.058427613584833615,0.0
1.9166666666666665,0.11896577480213671,-0.1508560784753118,0.0
1.9375,0.11468106259157554,-0.2121122478064681,0.0
1.958333333333333,0.11012762369515822,-0.26587110002177616,0.0
1.9791666666666665,0.10315522228090782,-0.3647743460804235,0.0
2.0,0.09322682732223897,-0.852782007595333,0.0
2.020833333333333,0.07066827812832738,-0.7560268856430227,0.0
2.0416666666666665,0.06342757237334792,-0.30779246301534813,0.0
2.0625,0.05376790410053511,-0.6711126316734759,0.0
2.083333333333333,0.03497195085373789,-1.0537659172886706,0.0
2.1041666666666665,0.010801463889816093,-1.3332399811986355,0.0
2.125,-0.016862469990236523,-0.9516751173709299,0.0
2.145833333333333,-0.027597467351601263,-0.3400531803621658,0.0
2.1666666666666665,-0.03430071973486845,-0.34539899461064827,0.0
2.1875,-0.04369123897669788,-0.5679198949241714,0.0
2.208333333333333,-0.05926289433834739,-1.1075365951675398,0.0
2.2291666666666665,-0.08531489044838991,-0.7850510570960093,0.0
2.25,-0.09040578271651975,-0.14224499886435626,0.0
2.270833333333333,-0.09657158172807442,-0.5754324164645919,0.0
2.2916666666666665,-0.11375517485973437,-0.8355716740369686,0.0
2.3125,-0.12825192347795888,-0.4840873052200817,0.0
2.333333333333333,-0.13495559820635328,-0.4013346904009379,0.0
2.3541666666666665,-0.14515314219600522,-0.3464891057786339,0.0
2.375,-0.14863125200387053,-0.12288147305814423,0.0
2.395833333333333,-0.15103487741343846,-0.07669089194001777,0.0
2.4166666666666665,-0.15128911168128306,0.09637247251242476,0.0
2.4375,-0.14724329663030106,0.22643618846682934,0.0
2.458333333333333,-0.1423917238668776,0.24148488287477554,0.0
2.4791666666666665,-0.13646482201490212,0.3898220134674133,0.0
2.5,-0.12543253547678543,0.7262678241594105,0.0
2.520833333333333,-0.10902529287641706,0.4822639934019619,0.0
2.541666666666666,-0.10444244679884968,0.37047369208576,0.0
2.5625,-0.08911011094190657,1.2056779211074182,0.0
2.583333333333333,-0.05872950302214153,1.1411683120773568,0.0
2.604166666666666,-0.04474122293960642,0.49623947044698236,0.0
2.625,-0.034783420799787634,0.5134345995807695,0.0
2.645833333333333,-0.021601320774821048,0.7864744274547641,0.0
2.666666666666666,-0.0019689355990509527,1.0444537352572494,0.0
2.6875,0.021156051802596,1.1486909699008212,0.0
2.708333333333333,0.046162126005236365,1.3937866012067794,0.0
2.729166666666666,0.07627442958427216,1.0680881685685233,0.0
2.75,0.09053143635266342,0.7466910522844786,0.0
2.770833333333333,0.10908849243988156,0.7735637208701085,0.0
2.791666666666666,0.12200186577899191,0.6015786419221214,0.0
2.8125,0.13464693477737302,0.5381591440600493,0.0
2.833333333333333,0.1446043145720648,0.4908615579688427,0.0
2.854166666666666,0.15536829676945224,0.5188260271029753,0.0
2.875,0.16505737222341496,,0.0
2.895833333333333,0.16856488921243046,,0.0
