0.001,0.64,30,0.8835280281509681,1.0351058960898298,1.1005106025828981
0.001,0.64,11,0.44532133790337175,0.6958145900336247,1.087210296926273
0.001,0.3,11,0.11742650105078863,0.6262639716987147,1.9549266660489155
0.0001,0.1,5,0.031606220569650165,0.3160613537446889,3.1606076923812663
0.0001,0.2,5,0.08917487137518032,0.44587441313531484,2.229371611529468
0.0001,0.3,5,0.1629498905519591,0.5431662762644611,1.81055423640095
0.0001,0.4,5,0.24860428371233498,0.6215107225719831,1.5537768389552133
0.0001,0.5,5,0.34265124599651764,0.6853024796042047,1.370604990768865
0.0001,0.6,5,0.44151972780058546,0.7358662144843102,1.2264436910348255
0.0001,0.7,5,0.5410000233666052,0.772857176011902,1.104081679853627
0.0001,0.8,5,0.6356515448105786,0.794564430970404,0.9932055386659526
0.0001,0.9,5,0.7180409276332864,0.7978232529242691,0.8864702810252371
0.0001,1.0,5,0.7780895986792706,0.778089598679053,0.7780895986784979
0.0001,0.1,7,0.02370732335764652,0.23706936884885688,2.370665524808002
0.0001,0.2,7,0.07300880166992964,0.3650441850219096,1.8252204916676575
0.0001,0.3,7,0.14059903168429477,0.46866364026498214,1.5622123921894635
0.0001,0.4,7,0.2229849853298539,0.5574624807254299,1.3936564218372602
0.0001,0.5,7,0.3172844877565191,0.6345689885493025,1.2691379766341913
0.0001,0.6,7,0.4204495424785604,0.7007492604618484,1.167915453467308
0.0001,0.7,7,0.5286827771269558,0.7552611129965265,1.0789444530579764
0.0001,0.8,7,0.6366114369155484,0.7957642961414529,0.994705370040302
0.0001,0.9,7,0.735750381352346,0.8175004237236686,0.9083338041255373
0.0001,1.0,7,0.8116523200286491,0.8116523200281368,0.8116523200275817
0.0001,0.1,9,0.032119434663850206,0.17210188883196492,1.721076802702155
0.0001,0.2,9,0.10042804284125248,0.2810817066314148,1.4054058972862313
0.0001,0.3,9,0.1832296387714796,0.37881757427527457,1.2628135657482844
0.0001,0.4,9,0.253929141598412,0.4820068039031437,1.204633592520923
0.0001,0.5,9,0.3027747163584995,0.6055499119924252,1.211100073763863
0.0001,0.6,9,0.40800295379465623,0.6800048609275468,1.1333413216930177
0.0001,0.7,9,0.5211439059377789,0.7444912898654358,1.0635589936872665
0.0001,0.8,9,0.6372240356589214,0.7965300455264313,0.9956625565436548
0.0001,0.9,9,0.7476271183760731,0.8306967981679043,0.9229964424278865
0.0001,1.0,9,0.835079042724057,0.8350790427235019,0.8350790427229469
0.0001,0.1,11,0.041068440942157974,0.1472182455264045,1.4719046166047367
0.0001,0.2,11,0.1322363612885906,0.24798549704049863,1.2395642027430445
0.0001,0.3,11,0.24470403299901486,0.3373168096543484,1.124536659103373
0.0001,0.4,11,0.3522417209021024,0.42224369703768194,1.0558112966450055
0.0001,0.5,11,0.4369996379306374,0.5094405114891621,1.018592341756543
0.0001,0.6,11,0.47514517164493014,0.6171033612759541,1.028584635633187
0.0001,0.7,11,0.5160592554688327,0.7372276877320952,1.053182388044608
0.0001,0.8,11,0.6376489956950737,0.797061242529214,0.9963265527204134
0.0001,0.9,11,0.7561771703457512,0.8401968561506737,0.9335520623990149
0.0001,1.0,11,0.8525507144938472,0.8525507144942753,0.8525507144948304
0.0001,0.1,13,0.04833233140691624,0.1345194909671696,1.3450759561707093
0.0001,0.2,13,0.1573513936564922,0.2319958708793733,1.1599332056994567
0.0001,0.3,13,0.2882027969320219,0.31939325353320147,1.0648081412103942
0.0001,0.4,13,0.4083137866235944,0.40173771365345357,1.0045158913794088
0.0001,0.5,13,0.5033393090411342,0.4827142752757838,0.9656013918934994
0.0001,0.6,13,0.5699757668343246,0.5690521241874255,0.9484143622306943
0.0001,0.7,13,0.5841068645497095,0.687127876779374,0.981690213169835
0.0001,0.8,13,0.6379610790272597,0.7974513619880502,0.9968142095237797
0.0001,0.9,13,0.7626397726661118,0.8473775253289683,0.9415305837500142
0.0001,1.0,13,0.8661806723706749,0.8661806723704873,0.8661806723699322
0.0001,0.1,15,0.05541139120991628,0.12657638900120322,1.2656199019224341
0.0001,0.2,15,0.18085250868085836,0.22231078050944264,1.1111627219142834
0.0001,0.3,15,0.3249843273735022,0.3087129593107172,1.029610517934762
0.0001,0.4,15,0.45017180297925974,0.39023937332036374,0.9761250455883886
0.0001,0.5,15,0.5466089306876368,0.4698430177105483,0.9393243985005509
0.0001,0.6,15,0.6163185254391671,0.5505517154190852,0.9178505286861031
0.0001,0.7,15,0.6611480777221556,0.6453917361879977,0.9217412232939881
0.0001,0.8,15,0.6382001128789784,0.797750073428019,0.997187529307236
0.0001,0.9,15,0.7677024215422737,0.8530026902236912,0.9477807666838689
0.0001,1.0,15,0.877166869446333,0.8771668694464496,0.8771668694470047
0.0001,0.1,17,0.06251459410570569,0.12115486962832152,1.211269237863425
0.0001,0.2,17,0.20315955668372945,0.21569863291348498,1.0783498607903523
0.0001,0.3,17,0.35732394600491024,0.3018050633772312,1.0064757983942618
0.0001,0.4,17,0.4837251749667509,0.38315316813858497,0.9580523482165856
0.0001,0.5,17,0.5765685749963054,0.46143367530546964,0.923481684199259
0.0001,0.6,17,0.6458670836823317,0.54067880178653,0.9010865680166066
0.0001,0.7,17,0.6963457506014604,0.6277359260119844,0.8967966706471957
0.0001,0.8,17,0.6990574304262211,0.7604472992878821,0.9505311112158615
0.0001,0.9,17,0.771778738587186,0.8575319335425614,0.9528132611847951
0.0001,1.0,17,0.8862451685870514,0.8862451685863872,0.8862451685879353
0.0001,0.1,19,0.06964140672485007,0.11721243770201868,1.171993808114893
0.0001,0.2,19,0.22424739628451093,0.2108469069918748,1.055003173311411
0.0001,0.3,19,0.3859201603342268,0.29717611955013723,0.9903131294083114
0.0001,0.4,19,0.5105881036220837,0.3782154340464918,0.9456794835177685
0.0001,0.5,19,0.5995593464995917,0.4562856385116706,0.9129694624525254
0.0001,0.6,19,0.6657370373406686,0.5343089902836016,0.8905819435859668
0.0001,0.7,19,0.7172690590206033,0.6176735624189272,0.8825816445210647
0.0001,0.8,19,0.7488963747813779,0.7290120786045846,0.9114040751298909
0.0001,0.9,19,0.7751331407170764,0.8612590469200532,0.9569544995591439
0.0001,1.0,19,0.8938954119130065,0.8938954119134364,0.8938954119139915
0.0001,0.1,21,0.07680947776632222,0.11426129411892794,1.142471902902978
0.0001,0.2,21,0.24478888897089046,0.2076610728306072,1.0377216196709929
0.0001,0.3,21,0.4104899141702241,0.2935736580716307,0.9785379721387865
0.0001,0.4,21,0.5319258470402761,0.37441327641280336,0.9367997550068641
0.0001,0.5,21,0.616749279637908,0.4524767407241217,0.9055735473751666
0.0001,0.6,21,0.6803155793398049,0.5302873848171935,0.883466315274264
0.0001,0.7,21,0.7311227071625505,0.6114374735209308,0.8734992326331252
0.0001,0.8,21,0.7718641339432126,0.7137623849991305,0.8922751252098735
0.0001,0.9,21,0.777942824678018,0.8643809163728877,0.9604232474533619
0.0001,1.0,21,0.9004453257572301,0.9004453257514262,0.9004453257566541
0.0001,0.1,23,0.08400715291758311,0.1119934475555056,1.1196032916755065
0.0001,0.2,23,0.2636865597106188,0.20490950299515148,1.0245380931287178
0.0001,0.3,23,0.43204869555620856,0.2909950913517822,0.9696829267614485
0.0001,0.4,23,0.5495797698493813,0.3717892647987277,0.9302025324890077
0.0001,0.5,23,0.6305960367738973,0.45008827612277386,0.9001541323848519
0.0001,0.6,23,0.6905726834836364,0.5271320647221129,0.8783856403318421
0.0001,0.7,23,0.7407912351083505,0.6073264593067623,0.8672880925196023
0.0001,0.8,23,0.7851176970286591,0.7041554981170188,0.8802382255614807
0.0001,0.9,23,0.780331158867257,0.8670346349868514,0.9633717994042961
0.0001,1.0,23,0.906127185083292,0.9061271850815429,0.9061271850827356
0.001,0.1,9,0.019347478506198057,0.27377508907024484,2.5236785012180887
0.001,0.1,5,0.03160609675013608,0.31606096752365664,3.160609674869173
0.001,0.2,5,0.08917485351650124,0.4458742675804563,2.2293713378962057
0.001,0.3,5,0.16294988434175417,0.5431662811392725,1.8105542704638715
0.001,0.4,5,0.24860429330442044,0.6215107332610111,1.5537768331522501
0.001,0.5,5,0.3426512532543195,0.6853025065085829,1.3706050130169438
0.001,0.6,5,0.44151972831259617,0.735866213854264,1.2264436897572917
0.001,0.7,5,0.5410000232011376,0.7728571760016062,1.1040816800021362
0.001,0.8,5,0.6356515447622402,0.7945644309528695,0.9932055386911561
0.001,0.9,5,0.7180409276314357,0.7978232529238791,0.8864702810265277
0.001,1.0,5,0.7780895986786074,0.7780895986785519,0.7780895986785453
0.001,0.1,7,0.023706702572085382,0.2370670304601652,2.370670282299906
0.001,0.2,7,0.07300880114615127,0.3650440058091118,1.825220024554173
0.001,0.3,7,0.1405991003500946,0.4686636678819332,1.5622122264351996
0.001,0.4,7,0.22298503643576847,0.5574625910959546,1.3936564777455411
0.001,0.5,7,0.3172844914656984,0.6345689829315079,1.2691379658632376
0.001,0.6,7,0.420449559444666,0.7007492657410175,1.167915442901529
0.001,0.7,7,0.5286827819424372,0.7552611170607039,1.078944452943872
0.001,0.8,7,0.6366114368020082,0.7957642960025637,0.9947053700031352
0.001,0.9,7,0.7357503813402477,0.8175004237113247,0.9083338041236325
0.001,1.0,7,0.8116523200278446,0.8116523200277891,0.8116523200277337
0.001,0.2,9,0.0629682279296005,0.4354644729662087,2.0052298696971325
0.001,0.3,9,0.12654865969543097,0.5505870511146395,1.6902739143718142
0.001,0.4,9,0.20972985565424995,0.6077275269046419,1.4233454351707528
0.001,0.5,9,0.30277495578492497,0.6055499131666588,1.2110998280128378
0.001,0.6,9,0.408002876106968,0.6800047935097089,1.133341322517059
0.001,0.7,9,0.5211439094740509,0.7444912992485799,1.0635589989267014
0.001,0.8,9,0.6372240357432764,0.796530044679026,0.9956625558488512
0.001,0.9,9,0.7476271183862007,0.830696798206828,0.9229964424519694
0.001,1.0,9,0.8350790427235669,0.8350790427235115,0.8350790427235163
0.001,0.1,11,0.017503661233043803,0.29497270301149475,2.8129149419365786
0.001,0.2,11,0.0584188794994706,0.48478968861391786,2.29820065706632
0.001,0.4,11,0.19289891902755318,0.7235052256803352,1.6681729662778275
0.001,0.5,11,0.28706120589198086,0.7777949767585132,1.4224909429709314
0.001,0.6,11,0.4036262102346788,0.7669770736614108,1.1983377788693406
0.001,0.7,11,0.5160593206499438,0.7372276009296094,1.0531822870408918
0.001,0.8,11,0.6376489943698509,0.7970612429623793,0.9963265537029047
0.001,0.9,11,0.7561771704394417,0.8401968560437625,0.9335520622708288
0.001,1.0,11,0.8525507144945856,0.8525507144946411,0.8525507144946967
0.001,0.1,13,0.017048912498842248,0.3106026312748522,3.073977807044845
0.001,0.2,13,0.05794888969771466,0.5191619179724473,2.544954722078222
0.001,0.3,13,0.11645703285253382,0.670499539609927,2.1498538878981917
0.001,0.4,13,0.189210184342002,0.7714739358207569,1.8107092076881133
0.001,0.5,13,0.2769114378516235,0.8335690781066374,1.5317035914509536
0.001,0.6,13,0.3877654059464911,0.8625303072199972,1.3067830114499708
0.001,0.7,13,0.5205908995068709,0.8193877118117829,1.1062443618046949
0.001,0.8,13,0.6379610914920928,0.7974513643651057,0.9968142054564514
0.001,0.9,13,0.7626397727837784,0.8473775253152476,0.9415305836835607
0.001,1.0,13,0.8661806723700801,0.8661806723700424,0.866180672369987
0.001,0.1,15,0.0170241298347864,0.327218162725919,3.3474286425162796
0.001,0.2,15,0.05855834563967808,0.5516986812114483,2.7851540611841443
0.001,0.3,15,0.11723411439144055,0.7070804992795511,2.321791475576132
0.001,0.4,15,0.18905467403491824,0.8053086948076458,1.9214183936270246
0.001,0.5,15,0.2740657493903497,0.8653946573875211,1.6036110280805596
0.001,0.6,15,0.379206277528387,0.9004394911249042,1.3613075091929292
0.001,0.7,15,0.5135304530083232,0.9007364109020802,1.1717785978528408
0.001,0.8,15,0.6382000245465118,0.7977500306953537,0.9971875383618212
0.001,0.9,15,0.7677024211161843,0.853002690129032,0.9477807668099738
0.001,1.0,15,0.8771668694469071,0.8771668694469089,0.8771668694469644
0.001,0.1,17,0.01719633079064724,0.3447159863397493,3.630957970719863
0.001,0.2,17,0.05951620929231704,0.5828315503178841,3.019001067394004
0.001,0.3,17,0.11871748944222592,0.7396007110012469,2.4754542866467193
0.001,0.4,17,0.1897289507802804,0.8316859181307059,2.0116712570793274
0.001,0.5,17,0.27341089535773216,0.8872339594632384,1.6565599594029188
0.001,0.6,17,0.3747230100037057,0.9218717380087822,1.3965551464808463
0.001,0.7,17,0.5060523521047228,0.9347884710808186,1.2033752260204662
0.001,0.8,17,0.6497382714600167,0.86698486054725,1.0361305770990448
0.001,0.9,17,0.771778741295931,0.8575319347731951,0.9528132608591573
0.001,1.0,17,0.8862451685887158,0.8862451685887146,0.8862451685886591
0.001,0.1,19,0.01746373615653571,0.3625383504915029,3.9198331017091563
0.001,0.2,19,0.06068049937715761,0.612698082910031,3.2437521004530234
0.001,0.3,19,0.12045871519139992,0.7685976796571913,2.611782082040875
0.001,0.4,19,0.19098871171061008,0.8536331039200138,2.0856617539916744
0.001,0.5,19,0.273206534170693,0.9030071617458246,1.6971870262298858
0.001,0.6,19,0.3730069101573127,0.9363424866894804,1.4210429057857223
0.001,0.7,19,0.5020362419955063,0.9547321040764081,1.2224457147794514
0.001,0.8,19,0.6577943203242794,0.9257747458112366,1.0690281511422643
0.001,0.9,19,0.7751331448080098,0.8612590497867392,0.9569544997631052
0.001,1.0,19,0.8938954119137756,0.8938954119138024,0.8938954119138578
0.001,0.1,21,0.017802784275047175,0.38060860078782316,4.2110620162515335
0.001,0.2,21,0.061868331233867764,0.6407185571360537,3.457201368191646
0.001,0.3,21,0.12195590840908777,0.7933825400409601,2.7315936915751258
0.001,0.4,21,0.19218068153489318,0.8714996375149606,2.1465071859132547
0.001,0.5,21,0.2734434505979729,0.9152368279288344,1.728761267903059
0.001,0.6,21,0.37068423198080286,0.9452042121116161,1.439562753998837
0.001,0.7,21,0.4992773763405797,0.967452860369872,1.235252209991538
0.001,0.8,21,0.6606017939555093,0.9545965805164586,1.0848633165877877
0.001,0.9,21,0.7779428322977738,0.8643809247753659,0.9604232497504681
0.001,1.0,21,0.900445325762073,0.9004453257620324,0.9004453257619769
0.001,0.1,23,0.018162224889207865,0.39844564569505825,4.501849108119498
0.001,0.2,23,0.06306870908894026,0.6670230993350567,3.6583171895404987
0.001,0.3,23,0.12337493748088155,0.8150095913121682,2.8363057767785462
0.001,0.4,23,0.19325632344740964,0.8861355047012893,2.19659463039426
0.001,0.5,23,0.2742330940438499,0.925428322346294,1.753459355705585
0.001,0.6,23,0.3702530739574165,0.9526259386611172,1.4531300778380176
0.001,0.7,23,0.49708405235817826,0.9759482070005369,1.2444094744643386
0.001,0.8,23,0.6630000965733361,0.9729600028518699,1.09423467176064
0.001,0.9,23,0.7803311482157067,0.8670346091286246,0.9633717879206686
0.001,1.0,23,0.9061271850840561,0.9061271850841116,0.906127185084167
0.001,0.7,30,0.49953942069524593,0.994744273226586,1.2598067255363181
0.001,0.32,11.0,0.27977888891484065,0.7248251831233609,1.51758234505634
0.001,0.1,25,0.01854453948170345,0.416124053161033,4.790975819718929
0.001,0.2,25,0.06411745488010706,0.6908332474004331,3.8458243130591434
0.001,0.3,25,0.12468335392829298,0.8338387721935805,2.927507249167094
0.001,0.4,25,0.19444109892945327,0.898688657142813,2.2379151729650495
0.001,0.5,25,0.2751786369238761,0.9338539879438653,1.7730221172889757
0.001,0.6,25,0.3705049439326259,0.9586739312252349,1.4634107802207479
0.001,0.7,25,0.49441723065924126,0.9813548368447588,1.251485165504663
0.001,0.8,25,0.6634972258197345,0.9853064701518529,1.1006472056370113
0.001,0.9,25,0.7823866675299844,0.8693185194195486,0.9659094661411393
0.001,1.0,25,0.9111106805906064,0.9111106805905509,0.9111106805905037
0.001,1.1,5,0.804535782040164,0.7313961654910106,0.6649056049917773
0.001,1.1,7,0.8423452094074511,0.7657683721885435,0.6961530656259991
0.001,1.1,9,0.8662826325458628,0.7875296659508304,0.7159360599552499
0.001,1.1,11,0.8819014025347952,0.8017285477589069,0.7288441343263294
0.001,1.1,13,0.8921196624410246,0.8110178749463614,0.7372889772239144
0.001,1.1,15,0.8987120728735715,0.8170109753396523,0.7427372503088252
0.001,1.1,17,0.9028693773149817,0.8207903430135934,0.7461730391032162
0.001,1.1,19,0.9054254223628347,0.8231140203297993,0.7482854730271407
0.001,1.1,21,0.9069605539953344,0.8245095945412635,0.7495541768557444
0.001,1.1,23,0.9078650306735141,0.8253318460667914,0.7503016782424872
0.001,1.1,25,0.9083903400680403,0.8258094000618043,0.7507358182379534
0.001,0.5,10,0.29708470171396023,0.7189498325595713,1.3327996539300324
0.001,0.6,30,0.36967553418090127,0.9672650141492125,1.4810628853855394
0.001,0.2,12,0.05773362740170905,0.5015490490797654,2.42330266960808
0.001,0.6,12,0.39485655309064194,0.8292344288110901,1.2649745107036607
0.1,0.2,17,0.03606523321699149,0.4435085285143751,2.827120460521832
0.01,0.2,17,0.03704240418786424,0.45057431811946996,2.843167383128555
0.1,0.5,17,0.8068990505830744,0.7910027788325806,1.034798215289566
0.1,0.8,17,0.543845937561861,0.8081639140519264,1.0413327923385702
