N,L,KH,log10_KH,Perimeter_Scaled
9,0.1,0.20574927989109620396490640814591,-0.68666167611506345735961076570675,1.0
9,0.2,0.50109849529757066743940185915562,-0.30007690135838760436826078148442,1.0
9,0.3,1.0600627900925188029646051290911,0.025331590343135389209461294512948,0.99999999999999988897769753748435
9,0.4,2.3896617197424672163208470010431,0.37833642661876337731641228856461,1.0000000000000002220446049250313
11,0.1,0.021109318352311539496168890650551,-1.6755257904066658269925937929656,1.0
11,0.2,0.060742694572835778665798045494739,-1.2165059464948504430736875292496,0.99999999999999977795539507496869
11,0.3,0.16895878294783986395266595081921,-0.77221922746624505062840171376592,1.0
11,0.4,0.48954228960574569518016119218373,-0.31020978527227238696895028624567,0.99999999999999988897769753748435
11,0.5,1.3995795539765452097924480767688,0.14599758938387355500232445137954,0.99999999999999988897769753748435
11,0.6,4.1646242292660495820655341958627,0.61957582146466028127917979873018,0.99999999999999988897769753748435
13,0.1,0.0012602178273695492823069930210522,-2.8995543810346044999448622547789,0.99999999999999988897769753748435
13,0.2,0.0046708616766441488077354904362437,-2.3306029937611705271649498172337,1.0
13,0.3,0.020218543768808935195968601306049,-1.6942501274762471474844005570048,1.0
13,0.4,0.097785991561009144579230678573367,-1.00972335608666052841897453618,1.0
13,0.5,0.43373552614797544757507807844377,-0.36277500446376997889075255443458,1.0000000000000002220446049250313
13,0.6,1.6186036653001738550017307716189,0.20914051951003498341918884761981,0.99999999999999988897769753748435
13,0.7,4.0759042867961561285028437850997,0.61022397705069597595439745418844,1.0
15,0.1,0.000047089558346491961859751895769222,-4.3270753827911052624699550506193,1.0
15,0.2,0.00024314499718991697285210007439815,-3.614134661794611069751681498019,1.0
15,0.3,0.0018537028791946043131122490166263,-2.7319598755135889867062815028476,1.0
15,0.4,0.016832317620564057891741072126024,-1.7738560824481199862390212729224,1.0
15,0.5,0.12960506675793015407549546580412,-0.88737801990063114310203218337847,1.0
15,0.6,0.71834108964093978944021046117996,-0.14366929089102223326968044148089,1.0
15,0.7,3.0164616052056030248706974816741,0.47949780180443346555563266520039,1.0
17,0.1,0.0000012090377754572869436599374948216,-5.9175601297295035152501441189088,0.99999999999999988897769753748435
17,0.2,0.000009461751761394168066502015357333,-5.0240284502919907438922564324457,0.99999999999999988897769753748435
17,0.3,0.00014254329322100798768668816762784,-3.8460532117858039491409272159217,1.0
17,0.4,0.0026357523986472578859940885109836,-2.5790953895832622322359384270385,1.0
17,0.5,0.037060993663403041242787594455876,-1.431082940744385245679382023809,1.0
17,0.6,0.32257247143279177414854075323092,-0.49137269836976166237363372601976,1.0
17,0.7,1.7860526475979141558525498112431,0.25189425646980989625944857834838,1.0
17,0.8,3.8010889427870688805910504015628,0.57990803190505035846769033014425,1.0
19,0.1,0.000000022799473120356820381796680093263,-7.6420751891208436035185513901524,0.99999999999999988897769753748435
19,0.2,0.00000029629122817738465634726822625633,-6.5282812057948369499627006007358,0.99999999999999988897769753748435
19,0.3,0.0000098077234984622475139591502024672,-5.0084317863803882175943726906553,1.0000000000000002220446049250313
19,0.4,0.00039270693828117236639715925683447,-3.4059314256187898095618038496468,1.0
19,0.5,0.010329170247665324378072426725339,-1.9859345643791033175773463881342,1.0
19,0.6,0.14418020456220848046768878703006,-0.84109436263701353730937171349069,0.99999999999999988897769753748435
19,0.7,1.0944547708619540848928863852052,0.03919781873999914068029681857297,1.0
19,0.8,3.3424675750701204890447115758434,0.52406720290891306568425989098614,1.0
21,0.1,3.3137620893439545208802524332002e-10,-9.4796786748527264165886663249694,1.0
21,0.2,0.0000000078683031911909421327863461623209,-8.1041189136581106566836751881056,0.99999999999999988897769753748435
21,0.3,0.00000063138472641690450543706459099469,-6.1997059281661446306088691926561,1.0000000000000002220446049250313
21,0.4,0.000057158277060343130296544977841933,-4.2429208707569081582278158748522,1.0
21,0.5,0.002846722931054112594451144246932,-2.5456548002818810694236617564457,1.0
21,0.6,0.064069101554496299399943382013589,-1.1933513661074115486115942985634,1.0
21,0.7,0.67977186129710620576815927051939,-0.16763681671135949313722335318744,0.99999999999999988897769753748435
21,0.8,2.9461651518120519632759624073515,0.46925708823312223261225994974666,1.0
23,0.1,3.8495024137429688086380646787325e-12,-11.414595403720475985664961626753,0.99999999999999977795539507496869
23,0.2,1.8447456248409690111525083152749e-10,-9.7340635109923230317008346901275,1.0
23,0.3,0.000000039080397168127735835348282892807,-7.4080410312621243207331644953229,0.99999999999999988897769753748435
23,0.4,0.0000082616361598341286160904206603561,-5.0829339351468600938233066699468,0.99999999999999988897769753748435
23,0.5,0.00078289580615285836711486622263578,-3.1062960333748699248701541364426,1.0
23,0.6,0.028384900987953303602706611741269,-1.5469126163394144590768064517761,0.99999999999999988897769753748435
23,0.7,0.42432675590395491083128831633076,-0.37229958295152976166519920298015,1.0
23,0.8,2.6240326086452445686347800801741,0.4189692276802606807351025963726,1.0
25,0.1,3.6800784062148092762222119100931e-14,-13.434142928330913946410873904824,1.0000000000000002220446049250313
25,0.2,3.9347397152918978318896561787364e-12,-11.405083991119706610106732114218,0.99999999999999988897769753748435
25,0.3,0.000000002370908557476133636959435090465,-8.6250851958106569128403862123378,1.0
25,0.4,0.0000011958111886536150718222167727012,-5.9223373874037497088806958345231,1.0
25,0.5,0.00021588842456472706111438031317817,-3.6657706429016849725144311378244,1.0000000000000002220446049250313
25,0.6,0.012562082764095743731003196330676,-1.9009383496143470448913603831897,1.0
25,0.7,0.26522714051567830573219453071943,-0.57638203692979150805086874242988,1.0
25,0.8,2.1062361317744473510060743137728,0.32350705867183654484975363629928,1.0
