N,L,init_x,init_y,init_z,period,state
5,0.1,0.03160609675863323,0.31606096766681857,3.160609675416071,,fixed
5,0.2,0.0891748535223787,0.4458742675957997,2.22937133789046,,fixed
5,0.3,0.16294988434175417,0.5431662811392725,1.8105542704638715,,fixed
5,0.4,0.24860429330442044,0.6215107332610111,1.5537768331522501,,fixed
5,0.5,0.3426512532543195,0.6853025065085829,1.3706050130169438,,fixed
5,0.6,0.44151972831259617,0.735866213854264,1.2264436897572917,,fixed
5,0.7,0.5410000232011376,0.7728571760016062,1.1040816800021362,,fixed
5,0.8,0.6356515447622402,0.7945644309528695,0.9932055386911561,,fixed
5,0.9,0.7180409276314357,0.7978232529238791,0.8864702810265277,,fixed
5,1.0,0.7780895986786074,0.7780895986785519,0.7780895986785453,,fixed
5,1.1,0.804535782040164,0.7313961654910106,0.6649056049917773,,fixed
7,0.1,0.02370670257043755,0.2370670323383088,2.3706702921709217,,fixed
7,0.2,0.07300880139489214,0.36504400713937407,1.825220026332177,,fixed
7,0.3,0.14059910027261102,0.4686636677526229,1.5622122264487404,,fixed
7,0.4,0.22298503640978481,0.5574625910858496,1.393656477779144,,fixed
7,0.5,0.3172844914656984,0.6345689829315079,1.2691379658632376,,fixed
7,0.6,0.420449559444666,0.7007492657410175,1.167915442901529,,fixed
7,0.7,0.5286827819424372,0.7552611170607039,1.078944452943872,,fixed
7,0.8,0.6366114368020082,0.7957642960025637,0.9947053700031352,,fixed
7,0.9,0.7357503813402477,0.8175004237113247,0.9083338041236325,,fixed
7,1.0,0.8116523200278446,0.8116523200277891,0.8116523200277337,,fixed
7,1.1,0.8423452094074511,0.7657683721885435,0.6961530656259991,,fixed
9,0.1,0.019347219093914444,0.2737738593543736,2.523681779367565,37.99199999999723,limitcycle
9,0.2,0.06301519736188761,0.43557037923124114,2.005078394057284,18.86500000000148,limitcycle
9,0.3,0.12655747509995924,0.5505987261104827,1.6902607619295864,12.403999999998092,limitcycle
9,0.4,0.20973235339264923,0.6077294808940173,1.4233433339830202,9.138999999999955,limitcycle
9,0.5,0.3027749549617662,0.6055499127330994,1.2110998284215293,,fixed
9,0.6,0.40800287611778235,0.6800047935004886,1.1333413225005737,,fixed
9,0.7,0.5211439094740509,0.7444912992485799,1.0635589989267014,,fixed
9,0.8,0.6372240357432764,0.796530044679026,0.9956625558488512,,fixed
9,0.9,0.7476271183862007,0.830696798206828,0.9229964424519694,,fixed
9,1.0,0.8350790427235669,0.8350790427235115,0.8350790427235163,,fixed
9,1.1,0.8662826325458628,0.7875296659508304,0.7159360599552499,,fixed
11,0.1,0.017503837935739196,0.2949739217606102,2.8129135516272292,41.27899999999203,limitcycle
11,0.2,0.05847377832627088,0.4849722988651369,2.2980809726903626,20.399000000002687,limitcycle
11,0.3,0.11756785875523296,0.6265515111007814,1.9547635367771936,13.273999999997802,limitcycle
11,0.4,0.19288465603732902,0.7234865179201715,1.66818386537679,9.634999999999827,limitcycle
11,0.5,0.28762528289828426,0.7782599307685022,1.4221851900396691,7.458000000000992,limitcycle
11,0.6,0.4035811803078714,0.7669561826075332,1.1983554889546166,6.071000000000539,limitcycle
11,0.7,0.5160593206452114,0.7372276009410372,1.0531822870520506,,fixed
11,0.8,0.6376489943698509,0.7970612429623793,0.9963265537029047,,fixed
11,0.9,0.7561771704394417,0.8401968560437625,0.9335520622708288,,fixed
11,1.0,0.8525507144945856,0.8525507144946411,0.8525507144946967,,fixed
11,1.1,0.8819014025347952,0.8017285477589069,0.7288441343263294,,fixed
13,0.1,0.0170391703565959,0.3105225178700519,3.0739958962389755,44.17099999998723,limitcycle
13,0.2,0.0579481307210898,0.5191589118070749,2.544955388349606,21.733000000003845,limitcycle
13,0.3,0.11642748234443626,0.670427794237627,2.1498754921572654,14.016999999997513,limitcycle
13,0.4,0.189194115029562,0.7714484376584396,1.810719283620689,10.051999999999673,limitcycle
13,0.5,0.27686054750724143,0.8335161673324812,1.5317291926748964,7.679000000000956,limitcycle
13,0.6,0.38786382208656295,0.8625932753773121,1.3067449053631037,6.1680000000005455,limitcycle
13,0.7,0.5200779818853953,0.8192086716882397,1.1063954574129982,5.189000000000228,limitcycle
13,0.8,0.6379610914922541,0.7974513643651099,0.9968142054563743,,fixed
13,0.9,0.7626397727837784,0.8473775253152476,0.9415305836835607,,fixed
13,1.0,0.8661806723700801,0.8661806723700424,0.866180672369987,,fixed
13,1.1,0.8921196624410246,0.8110178749463614,0.7372889772239144,,fixed
15,0.1,0.017023131944072952,0.327208960964939,3.3474242290863554,46.65200000009599,limitcycle
15,0.2,0.058508319783354766,0.5514773884951957,2.7851308121304355,22.856999999979593,limitcycle
15,0.3,0.11723387695021598,0.7070798585980065,2.3217915467588583,14.623999999997274,limitcycle
15,0.4,0.1887369916070858,0.8047486018905995,1.9215716776658054,10.386999999999542,limitcycle
15,0.5,0.27354003806784283,0.8647813303860761,1.6038552958871723,7.856000000000892,limitcycle
15,0.6,0.3793713860401684,0.9005615062361271,1.361244054468312,6.248000000000557,limitcycle
15,0.7,0.5145228889147238,0.9011576488429883,1.1714867698077145,5.211000000000224,limitcycle
15,0.8,0.638200024540615,0.7977500307468702,0.9971875383973923,,fixed
15,0.9,0.7677024211161843,0.853002690129032,0.9477807668099738,,fixed
15,1.0,0.8771668694469071,0.8771668694469089,0.8771668694469644,,fixed
15,1.1,0.8987120728735715,0.8170109753396523,0.7427372503088252,,fixed
17,0.1,0.017195391292285707,0.3447065479716485,3.630947926578092,48.79300000011691,limitcycle
17,0.2,0.05951955781679019,0.5828475987327955,3.0190069638762576,23.800999999975012,limitcycle
17,0.3,0.11890534402264165,0.7401443564060435,2.4754688646139833,15.112000000016844,limitcycle
17,0.4,0.18971095466684879,0.8316520163706422,2.0116776602621873,10.647999999999435,limitcycle
17,0.5,0.2733722078873132,0.8871857196616075,1.6565766594033524,7.99300000000084,limitcycle
17,0.6,0.37580462901270595,0.9227405801979041,1.3961429852123803,6.31200000000057,limitcycle
17,0.7,0.5075104869631964,0.9354761299796986,1.202942933006849,5.231000000000225,limitcycle
17,0.8,0.6498829575292664,0.8670229805389608,1.0360974011870068,4.534999999999998,limitcycle
17,0.9,0.771778741295931,0.8575319347731951,0.9528132608591573,,fixed
17,1.0,0.8862451685887158,0.8862451685887146,0.8862451685886591,,fixed
17,1.1,0.9028693773149817,0.8207903430135934,0.7461730391032162,,fixed
19,0.1,0.017471438789322096,0.3626212099495307,3.919962790234783,50.663000000135085,limitcycle
19,0.2,0.06067854633914801,0.6126881278900841,3.243746297822142,24.60099999997115,limitcycle
19,0.3,0.12029166658263668,0.7680882532177663,2.6117118572858686,15.509000000017837,limitcycle
19,0.4,0.19093889357725516,0.8535349673969956,2.0856743524402965,10.851999999999354,limitcycle
19,0.5,0.2732742616130041,0.9030955719761359,1.6971600176734214,8.100000000000795,limitcycle
19,0.6,0.3719979937524147,0.9354842859689281,1.4214204873410161,6.365000000000582,limitcycle
19,0.7,0.5020491242474097,0.9547385969774111,1.2224418478784937,5.248000000000228,limitcycle
19,0.8,0.6576824221002363,0.9257445085970146,1.0690538848402766,4.536,limitcycle
19,0.9,0.7751331448080098,0.8612590497867392,0.9569544997631052,,fixed
19,1.0,0.8938954119137756,0.8938954119138024,0.8938954119138578,,fixed
19,1.1,0.9054254223628347,0.8231140203297993,0.7482854730271407,,fixed
21,0.1,0.017794196499983986,0.38051085839179827,4.210866426610042,52.31700000015105,limitcycle
21,0.2,0.06186290607048336,0.6406894978842904,3.45717912317382,25.28499999996787,limitcycle
21,0.3,0.12195564345551088,0.7933816995666032,2.7315935025935616,15.831000000018628,limitcycle
21,0.4,0.19251472746937084,0.8721786274750241,2.146449668436481,11.01099999999929,limitcycle
21,0.5,0.27336986640548633,0.9151376770277024,1.728788614267544,8.18300000000076,limitcycle
21,0.6,0.3715325804178246,0.9459534817896598,1.4392499142302635,6.405000000000591,limitcycle
21,0.7,0.4995238812932935,0.9675826228454989,1.2351771610702627,5.2620000000002305,limitcycle
21,0.8,0.6626843747390786,0.9551635695632587,1.084379930678185,4.537,limitcycle
21,0.9,0.7779428322766705,0.8643809247699958,0.9604232497548627,,fixed
21,1.0,0.900445325762073,0.9004453257620324,0.9004453257619769,,fixed
21,1.1,0.9069605539953344,0.8245095945412635,0.7495541768557444,,fixed
23,0.1,0.01816176551501954,0.398440161558193,4.501836021098149,53.7920000001652,limitcycle
23,0.2,0.0630262526646344,0.6667862851690946,3.6580992188982,25.873999999965047,limitcycle
23,0.3,0.12321732956678698,0.8144934641370768,2.8361518829919277,16.097000000019285,limitcycle
23,0.4,0.19323051138595154,0.8860816748529413,2.1965971249460354,11.138999999999237,limitcycle
23,0.5,0.2742550487157529,0.9254585001273908,1.7534515556754682,8.247000000000735,limitcycle
23,0.6,0.37122417690106513,0.953504601933465,1.452774883942271,6.437000000000599,limitcycle
23,0.7,0.4955664628329996,0.9751178769919406,1.244873644040612,5.275000000000233,limitcycle
23,0.8,0.662901404910293,0.9729327850957786,1.0942576780934254,4.540000000000001,limitcycle
23,0.9,0.7803311482152628,0.867034609128006,0.9633717879204736,,fixed
23,1.0,0.9061271850840561,0.9061271850841116,0.906127185084167,,fixed
23,1.1,0.9078650306735141,0.8253318460667914,0.7503016782424872,,fixed
25,0.1,0.01854297299520566,0.4161045667093142,4.790922616755662,55.12000000017791,limitcycle
25,0.2,0.06417430505313335,0.6911614025057568,3.8461708520486315,26.383999999962626,limitcycle
25,0.3,0.12449979716342933,0.8332226138681293,2.9272877880487513,16.316000000018924,limitcycle
25,0.4,0.19402544088625276,0.8978055579657388,2.2379316381635626,11.240999999999197,limitcycle
25,0.5,0.27452928141350097,0.932947490266304,1.7732434145580815,8.298000000000716,limitcycle
25,0.6,0.3705818228218068,0.9587447323860898,1.4633828754172835,6.463000000000604,limitcycle
25,0.7,0.4944022949345456,0.9813464391147259,1.251489758731303,5.2850000000002355,limitcycle
25,0.8,0.6638327439554444,0.9853999041898489,1.100568580007309,4.543000000000004,limitcycle
25,0.9,0.7823866670952647,0.8693185186603257,0.9659094658495502,,fixed
25,1.0,0.9111106805906064,0.9111106805905509,0.9111106805905037,,fixed
25,1.1,0.9083903400680403,0.8258094000618043,0.7507358182379534,,fixed
