Dataset 0,
X,Y
0.11117453294106706,0.950359518546684
0.1137996751039921,0.7155559670182543
0.11670951151429397,0.6371882907987299
0.11940829938766477,0.5488976894432923
0.12238890558579747,0.5184859581592572
0.12515439277233203,0.46128414494019165
0.12804987166106224,0.3819242107497318
0.1310598122698674,0.36837976560237007
0.13380861910523523,0.3015867504624512
0.1369600551066959,0.2724988063580769
0.139579445424391,0.2281946432902714
0.14275499499281102,0.19844536632201515
0.14538478281492623,0.1746464021612364
0.14857811892055273,0.14059775022118848
0.15137705517543304,0.13168241903199684
0.15457910741491682,0.13169881179090204
0.1574527292917734,0.13667444550702446
0.1603614374245324,0.16182467636701114
0.1634346483308664,0.18466065229874873
0.1663427812791024,0.2094801520580164
0.1692543653344763,0.23628403842159862
0.17254442080597748,0.2869022895905239
0.17544105006375366,0.30510716733540977
0.17854644921187207,0.3391880653603744
0.18145920572779506,0.37392943347243635
0.18454046921745093,0.4013956448142413
0.18747218473112953,0.4397751197029913
0.19054654600650955,0.46327255783616705
0.19362033209736657,0.4864392648686239
0.19652271320037262,0.5079514536207006
0.19959764966027566,0.5317796228545953
0.20264785318569012,0.5413863547575697
0.2056963311575356,0.5500008933583865
0.20857282895700713,0.5566301825781046
0.21161497989909972,0.5616066790710115
0.21448802659143335,0.5662515816864149
0.21753820802534468,0.5685822940423474
0.22056655453888557,0.5656212441179964
0.22342694717171346,0.5629900625175799
0.22626205377703285,0.5530827320325654
0.22927832141559085,0.5431763289931135
0.23228366054821215,0.5269860350399991
0.23511414358584448,0.5071568362021902
0.23811200531966692,0.48666703793972776
0.24109663780946056,0.45857042436072626
0.24390238791260438,0.42451978819199665
0.24705842539024886,0.398077692893375
0.24970254864243258,0.36799496715649005
0.2526820044715193,0.3369217736710167
0.2558081323539684,0.29328166113500265
0.2586276427026578,0.2526165322894479
0.26141388071502614,0.22187307779035292
0.26436457731796337,0.1742633292689253
0.2673681908970157,0.15708084201365347
0.27033901895825757,0.12104668201739399
0.27300442403779185,0.10320100700711499
0.27600056021804525,0.08171901544249516
0.2791554473266438,0.05461545794243561
0.2820083625606728,0.04768477203267096
0.28468412096162093,0.03579225683533571
0.2878735191415989,0.028532565378421193
0.2908840349349271,0.01531885133177835
0.2937444275677549,0.012687669731361817
0.2967814018491406,0.014687586317797319
0.2996584748331351,0.021647606638234285
0.3027127046502105,0.03356945624624186
0.30562024032242047,0.05078220535774869
0.30868772147502765,0.07758688982933704
0.3116004558994476,0.10505223839435751
0.3145103144012526,0.13086393145578235
0.3177589565870984,0.15766954337293348
0.3206647887972425,0.18116611872932475
0.32377711225113986,0.22649180950996017
0.3268687290622096,0.25991118066470853
0.3297843394092444,0.2890301847333243
0.33289263657148077,0.33204075780892606
0.3359721745075677,0.3585147758485735
0.3391057576973126,0.4088014978087734
0.34218472044887654,0.43494478474770193
0.3450939816746554,0.4531497271613659
0.3480251440953141,0.49847449049643877
0.35109087760284924,0.5170109621188282
0.3541629381401373,0.5391854758491277
0.35706071776695947,0.5580518157954517
0.3601206994292648,0.5732809764106503
0.36319043713695776,0.5868565461910318
0.3660858939341849,0.5971239421874378
0.3689365526131281,0.6034223709688804
0.3719758276326057,0.6067452119581919
0.37499844439241975,0.6077528705736918
0.37786113776333957,0.6064446133761516
0.3807324368106011,0.602821303142356
0.3837447002490013,0.5978758019449123
0.3867638438101743,0.5896230544090559
0.3896173342287263,0.5830230996000104
0.3926364777898993,0.574770352064154
0.3954790397025145,0.5618865063414461
0.3986598101146476,0.549665848373745
0.4013298166703659,0.5344660221692188
0.4041683522913201,0.5192670587414772
0.4071794432691712,0.5063840757955536
0.4105304683001093,0.4951564739067943
0.41304459985009734,0.48723186914130356
0.41606259304222437,0.47831765940400905
0.4192479649305414,0.46874285024206064
0.4221054816407543,0.4644580131380488
0.42496414872001315,0.4608346382354752
0.42799019449546205,0.45655066390824783
0.4310231424851868,0.45623546278964944
0.43406759416537133,0.46253488368543283
0.4369463927029348,0.47048709730802707
0.4398297927166823,0.4810851597363741
0.44288114661114275,0.4913533538407864
0.44594743321169783,0.5029445370168533
0.44882567865624146,0.5178420390857701
0.4518919873482996,0.5367092418088787
0.4549600215939268,0.5565686378341446
0.45785319974456495,0.572789128974716
0.460926410650899,0.5956251049064536
0.4640122535252358,0.6184611455069693
0.4669037282138081,0.6409654628924253
0.47016843138329145,0.6624795065356273
0.47303922152053945,0.6803535238422378
0.4761693536031463,0.7286558591981231
0.47906425730735347,0.7458685436408519
0.4821495470886703,0.7756498726876901
0.48522333317952737,0.798816579720147
0.4881193872527805,0.8166907263643137
0.49121903455566895,0.8474643133820876
0.4941059077680575,0.8673227819617908
0.49715035944824215,0.8736222028575741
0.5002085934654752,0.8805831506235737
0.503074760035036,0.8885352995773899
0.5061169109771286,0.8935117960702968
0.5091584867346983,0.8981575614624848
0.512021755290141,0.8971800353656637
0.5150604330335926,0.8928961257072145
0.5179081936984177,0.8902648794380199
0.5209330891048206,0.8853194429093544
0.5239568341421775,0.8797125441792506
0.5268103245607296,0.8731125893702052
0.5298260170147647,0.8628754552300342
0.5326513233916901,0.8400696764857536
0.5356526362326504,0.8215642648276056
0.5384980740678805,0.8103340746084929
0.5414976613552719,0.7908364696481875
0.5445035756724161,0.7749769067957921
0.5475060388824224,0.7571329573390824
0.5503198636603913,0.7349885761274617
0.5531532005291354,0.7095370132462065
0.5561619907688946,0.6953311058974065
0.5591690554550849,0.6801330052464494
0.5620052903379471,0.6636111174158315
0.5650324643909389,0.6527125857430005
0.5680326489543563,0.640821731430456
0.5708706314822908,0.6325680564490369
0.5739029821959893,0.6246461046826778
0.5767535966919264,0.6163924943700368
0.5797744658066685,0.6091319401363378
0.5828010867666403,0.6051786969098293
0.5856712575363588,0.6081699440216374
0.5887128332939284,0.6128157094138253
0.5944647006153287,0.6326888451988648
0.5975218063550191,0.6462643503104679
0.6004247626425482,0.6681072701632638
0.5917768191563916,0.6230839681870158
0.6034835939358074,0.6826749685770244
0.6063756217173998,0.6982339975161576
0.6096098842901708,0.7167713319153315
0.6126968775335536,0.7402688347172854
0.6157689380708417,0.7624433484475849
0.6186563643762499,0.7753565285809654
0.6215541440030722,0.7942228685272895
0.6246049227130096,0.8041603315309829
0.62765627660747,0.8144285256353951
0.6305350751450336,0.8223807392579894
0.6335766509026033,0.8270265046501774
0.6364473968568448,0.8303484828627045
0.6394832207691845,0.8316869372477016
0.6425236461577082,0.8356712404384512
0.6453788842213323,0.8373394984786048
0.6484221634409677,0.8357014376259082
0.6512802553357036,0.8317473316226154
0.6543074514801984,0.8281248194968263
0.6571506106688396,0.822847724421879
0.6601605512776448,0.8093032792745172
0.6631836990389757,0.7960896298966527
0.6660251326740481,0.7898203415195482
0.6690488556199017,0.7769374232424027
0.6720576458596609,0.7627315158936028
0.6748749217447677,0.7425715212862967
0.6778934680299146,0.7267120231026793
0.6807090183614524,0.705559835193216
0.6837224100773954,0.6939997766501688
0.6867277271185136,0.6705334631500126
0.6895455781881432,0.6507041996434255
0.6925670003959051,0.6364983569634038
0.6955694636059114,0.6186544075066939
0.6984033977506817,0.6008095952731995
0.7014070113297339,0.5836271080179277
0.7042392420124385,0.572066122029318
0.7074383962378041,0.563152839737586
0.7102878603646952,0.5542377672235069
0.7133081542949142,0.5466464818890887
0.7161679717432191,0.5436845691879533
0.719199194179375,0.5423771747671975
0.7222321421690997,0.5420619736485991
0.7251005873852493,0.54406102745825
0.728137561666635,0.5460609440446852
0.7310094579899227,0.5500443844586504
0.7340544848546302,0.556674536455153
0.7371018124574297,0.5646276128545316
0.7399863628402231,0.5758871374843167
0.7428588564395368,0.5874773285460428
0.7459389253771405,0.599730038592326
0.7489954559323078,0.6129748126032101
0.7518759800234404,0.6219192195279617
0.754912976396329,0.6311951556614386
0.7577940756719846,0.6404702936869092
0.761013958631681,0.6507393505681061
0.7638916068001985,0.6580301019892623
0.7667571981852365,0.6656515198423592
0.7698148570179466,0.6722817365076399
0.7728552824064703,0.6762660396983896
0.7787647281956666,0.6825801277995092
0.7757266035452349,0.6799187490116357
0.7818074322307789,0.6806113358460936
0.7846557680801272,0.678310820677618
0.787685264962714,0.6760112329547052
0.7905462327800649,0.6737107824550077
0.7935734289245597,0.6700882703292186
0.7966115314834882,0.6654736295700503
0.7994564162256986,0.6611887277972601
0.8024784357094865,0.6545896357649992
0.8053232983601936,0.6430287144451674
0.8083361148916137,0.6311379248014011
0.8113374498240771,0.6199085326902949
0.8141886395045372,0.611985653478373
0.8170306262326293,0.5987710766549459
0.8200480221487303,0.5822501162698904
0.8230499322657168,0.5713514552595031
0.8260691399604242,0.5558722675732026
0.8290950774193323,0.5442626943023361
0.831920405887761,0.5287329351050971
0.8347440088026207,0.5122109826057009
0.837784390008138,0.5016432467023672
0.8405953609549949,0.4851212295341928
0.8436208094544178,0.4732305045592047
0.8466347763548838,0.4620011771168765
0.8496447169636889,0.44845673196951474
0.8524850002297153,0.441525981390972
0.8555242531576898,0.43757280283324185
0.8583685627153771,0.43295716995973277
0.8614072404588285,0.4286732603012836
0.8644298572186426,0.4296809189167833
0.8673023287264533,0.43399509043146767
0.8703599875591633,0.4406253070967482
0.8732221278370633,0.44626233834553086
0.8762774859316816,0.451569630607935
0.8793253887190041,0.4598534381080328
0.8823727163218036,0.46780651450741173
0.8852492141212752,0.4744358037271297
0.8881262871052696,0.48139582404756665
0.8911655621247473,0.4847186650368782
0.8942324460013285,0.5039165988607058
0.8972768976815131,0.5102160197564891
0.9001493691893238,0.5145301912711735
0.9030126598362697,0.5208286847213943
0.9062319455199399,0.5234909909548303
0.9091170710872564,0.5350812466853345
0.9121609475829179,0.5410499364803987
0.9150357198288205,0.5466870323979595
0.9239792639767874,0.5533473815819189
0.9270110615974663,0.5523707182618822
0.9211223003595944,0.5506869302396081
0.9180709685566373,0.5476947556822375
0.9300394081110072,0.5494096683375314
0.932898650374789,0.5461170245356767
0.9357423847479532,0.5411706605614484
0.9387816376759279,0.5372174820037182
0.9417887244536212,0.5292954008998029
0.9446364630269433,0.5193881350835664
0.9476601859727969,0.506505216806421
0.9504987436852543,0.4985822729257211
0.9533453318895304,0.4880135449080467
0.9561947960164214,0.4790984723939675
0.9592099132859335,0.4685306071530776
0.9623964355432966,0.45961726019256754
0.9652441741166187,0.4497099943763311
0.9682592913861305,0.43914212913544115
0.9711035788523148,0.42725047671489036
0.9741209968599189,0.4180055358768767
0.9771430163437067,0.41140644384461567
0.9803163093570411,0.39488628156756655
0.9828310160915523,0.38729240790279496
0.9858455581765411,0.3763938115611859
0.9888681528448522,0.37012545062964397
0.9918918978822091,0.3645185518995402
0.994745963485284,0.3582493281912138
0.9977783141989827,0.3503273764248547
1.000788852083814,0.34438968192525365
