T_normalized,Sigma_hat,Direction
0.059763029572695886,0.002,pm
0.12363461584906485,0.002,pm
0.2083488638596269,0.002,pm
0.25812957475147685,0.002,pm
0.3175185262462512,0.002,pm
0.40432985537313365,0.002,pm
0.44364392460418917,0.002,pm
0.604165082691375,0.002,pm
0.6882654134953837,0.002,pm
0.7484394219367333,0.002,pm
0.8368701474156808,0.002,pm
0.8750922472995379,0.002,pm
0.9361203324193283,0.002,pm
1.0045949283203688,0.002,pm
1.0829467467092362,0.002,pm
1.1872817885708966,0.002,pm
1.2729631149371907,0.002,pm
1.3333338353325708,0.002,pm
1.499444021524889,0.002,pm
1.5758354602736748,0.002,pm
1.6528286264736805,0.002,pm
1.7092417808077454,0.002,pm
1.7710899452241724,0.002,pm
1.8564333825478683,0.002,pm
1.9806630409804487,0.002,pm
2.062429588703954,0.002,pm
2.187572688140628,0.002,pm
2.2702014448984413,0.002,pm
2.3526452655220353,0.002,pm
2.380958200786747,0.002,pm
2.4791712868356695,0.002,pm
2.5443209644129383,0.002,pm
2.6398494556226613,0.002,pm
2.6875397600953366,0.002,pm
2.7521712597756207,0.002,pm
2.801411127423292,0.002,pm
2.8538651743735652,0.002,pm
0.05976306354134115,0.004,pm
0.12363459846251043,0.004,pm
0.20834886436059016,0.004,pm
0.25812959038408895,0.004,pm
0.31751838281440947,0.004,pm
0.4043298249947259,0.004,pm
0.44364388867144094,0.004,pm
0.6041650826136807,0.004,pm
0.6882654200555534,0.004,pm
0.7484393697364499,0.004,pm
0.8368703562818134,0.004,pm
0.8750922469141912,0.004,pm
0.9361203597717502,0.004,pm
1.004594890775876,0.004,pm
1.0829467532848196,0.004,pm
1.1872817888946323,0.004,pm
1.272963099986871,0.004,pm
1.3333338353545627,0.004,pm
1.4994440165068312,0.004,pm
1.5758354496708475,0.004,pm
1.652828690975452,0.004,pm
1.709241787478797,0.004,pm
1.7710899496905992,0.004,pm
1.856433520525805,0.004,pm
1.9806630341413576,0.004,pm
2.062429589539004,0.004,pm
2.187572687306996,0.004,pm
2.2702014477103107,0.004,pm
2.3526452197901406,0.004,pm
2.3809582086849663,0.004,pm
2.479171286797334,0.004,pm
2.5443209835372955,0.004,pm
2.639849514358056,0.004,pm
2.687539760436576,0.004,pm
2.752171273705985,0.004,pm
2.801411288633178,0.004,pm
2.853865182997117,0.004,pm
0.059825862348567696,0.006,pm
0.12360178229890259,0.006,pm
0.20834981139548892,0.006,pm
0.25815836269468456,0.006,pm
0.31725457390900386,0.006,pm
0.4042731647724372,0.006,pm
0.44357509423732394,0.006,pm
0.6041649330293472,0.006,pm
0.688277740951639,0.006,pm
0.7483389684490711,0.006,pm
0.837269258611684,0.006,pm
0.8750915087282108,0.006,pm
0.936170458889417,0.006,pm
1.0045246964118217,0.006,pm
1.0829589029730748,0.006,pm
1.1872823861965291,0.006,pm
1.2729352259038063,0.006,pm
1.3333339042614738,0.006,pm
1.4994345810755765,0.006,pm
1.5758155257583477,0.006,pm
1.6529500036305507,0.006,pm
1.7092542971580338,0.006,pm
1.7710982159764153,0.006,pm
1.8567073475566391,0.006,pm
1.9806502382554365,0.006,pm
2.0624311336150845,0.006,pm
2.187571135455424,0.006,pm
2.270206567687722,0.006,pm
2.3525587687792,0.006,pm
2.3809724275773356,0.006,pm
2.4791712145927094,0.006,pm
2.5443563884351463,0.006,pm
2.6399583999770155,0.006,pm
2.687540398340467,0.006,pm
2.7521973142955463,0.006,pm
2.8017207871015324,0.006,pm
2.8538808369209265,0.006,pm
0.06051777422510704,0.008,pm
0.12312446575869168,0.008,pm
0.2083639291888982,0.008,pm
0.258438656092035,0.008,pm
0.3146827388782351,0.008,pm
0.40357081244090154,0.008,pm
0.44238942081312443,0.008,pm
0.604162195664096,0.008,pm
0.688445009958944,0.008,pm
0.7464562254975117,0.008,pm
0.8434113737465847,0.008,pm
0.8750775781558539,0.008,pm
0.9366576255859513,0.008,pm
1.0036302786293587,0.008,pm
1.0830910150916429,0.008,pm
1.1872886986588833,0.008,pm
1.2725937065210156,0.008,pm
1.3333460848646543,0.008,pm
1.4993041232434903,0.008,pm
1.5755436501303997,0.008,pm
1.65461483376286,0.008,pm
1.709419608868552,0.008,pm
1.7711895752784519,0.008,pm
1.8650940995444525,0.008,pm
1.9804856571535834,0.008,pm
2.062448175095611,0.008,pm
2.187552538136781,0.008,pm
2.2702528125725667,0.008,pm
2.3513159720434134,0.008,pm
2.3810550615602866,0.008,pm
2.479170200412473,0.008,pm
2.5447511793312754,0.008,pm
2.641195245451363,0.008,pm
2.6875482969522935,0.008,pm
2.7525296956564946,0.008,pm
2.807968605073657,0.008,pm
2.8540126642632426,0.008,pm
0.06160349661085532,0.01,pm
0.12140330914174913,0.01,pm
0.20842043230963278,0.01,pm
0.25814604318824785,0.01,pm
0.31283752507850004,0.01,pm
0.4019575615984385,0.01,pm
0.6041477795056994,0.01,pm
0.6889334636521157,0.01,pm
0.7366571649176562,0.01,pm
0.853242386953091,0.01,pm
0.9371504897651403,0.01,pm
1.0015164381614248,0.01,pm
1.0832791017047247,0.01,pm
1.1872958170221133,0.01,pm
1.2718916581796906,0.01,pm
1.3337691984234652,0.01,pm
1.4988909539603552,0.01,pm
1.574748876835918,0.01,pm
1.6591272126321521,0.01,pm
1.7098213148491324,0.01,pm
1.7713162343824962,0.01,pm
1.8591989148365105,0.01,pm
1.9800870473733851,0.01,pm
2.0624750538089747,0.01,pm
2.1875173243705763,0.01,pm
2.2702838279408084,0.01,pm
2.347824732553367,0.01,pm
2.3803931676493093,0.01,pm
2.479167045798944,0.01,pm
2.5453533484917945,0.01,pm
2.6432506382349827,0.01,pm
2.687557734924558,0.01,pm
2.75336436014139,0.01,pm
2.854020415277769,0.01,pm
0.06225485726277319,0.012,pm
0.11781622985222119,0.012,pm
0.20856955491934098,0.012,pm
0.25172178323451616,0.012,pm
0.31334607200773096,0.012,pm
0.3999194083430562,0.012,pm
0.6041119055264731,0.012,pm
0.6897172333257754,0.012,pm
0.7298014952446827,0.012,pm
0.854146559529175,0.012,pm
1.0833953413183237,0.012,pm
1.1872965428499704,0.012,pm
1.2713148065829498,0.012,pm
1.3461259435938504,0.012,pm
1.4980975779018098,0.012,pm
1.573516004038088,0.012,pm
1.6636457188173537,0.012,pm
1.7099404762910106,0.012,pm
1.7713311938698604,0.012,pm
1.9796411895452013,0.012,pm
2.062492011987298,0.012,pm
2.187396364804722,0.012,pm
2.2702564386386133,0.012,pm
2.343912822328065,0.012,pm
2.3772043297437406,0.012,pm
2.478331003927102,0.012,pm
2.5455974974872517,0.012,pm
2.6446018357312013,0.012,pm
2.687507656991905,0.012,pm
2.7546166101039344,0.012,pm
2.853311175862292,0.012,pm
0.06247272724032521,0.014,pm
0.11269765886324525,0.014,pm
0.2088902215013965,0.014,pm
0.31530897892501947,0.014,pm
0.3974662100377019,0.014,pm
0.604056483798128,0.014,pm
0.6907580356938301,0.014,pm
0.7292686190317113,0.014,pm
0.8538325034281076,0.014,pm
1.0835333316174123,0.014,pm
1.1873066244005281,0.014,pm
1.2710272001983818,0.014,pm
1.360861787009124,0.014,pm
1.4967759236545188,0.014,pm
1.5720617585601107,0.014,pm
1.665787368131472,0.014,pm
1.708232678883611,0.014,pm
1.7712529014094593,0.014,pm
1.9792986139428832,0.014,pm
2.0624989442998727,0.014,pm
2.1872262765994788,0.014,pm
2.270212290546907,0.014,pm
2.340893094370418,0.014,pm
2.475829249094941,0.014,pm
2.5454743502244512,0.014,pm
2.645266481140406,0.014,pm
2.7565370144210712,0.014,pm
2.848938808097205,0.014,pm
0.06249975924842504,0.016,pm
0.10779450184711226,0.016,pm
0.209531304974331,0.016,pm
0.31806035950195566,0.016,pm
0.6039862554622246,0.016,pm
0.6921420981252696,0.016,pm
0.8568299705273769,0.016,pm
1.0836368712705586,0.016,pm
1.1873425749406132,0.016,pm
1.2709114104977985,0.016,pm
1.3606147659715304,0.016,pm
1.4946393162995795,0.016,pm
1.5705048781699142,0.016,pm
1.6664646204178197,0.016,pm
1.6997732559713994,0.016,pm
1.7711395200936457,0.016,pm
1.978061825644727,0.016,pm
2.063391178959496,0.016,pm
2.187171024749378,0.016,pm
2.2702017953563454,0.016,pm
2.3382795727706323,0.016,pm
2.4715620790612443,0.016,pm
2.5451221491060116,0.016,pm
2.6455903014347752,0.016,pm
2.7598571418367537,0.016,pm
2.825567523464831,0.016,pm
0.06325367992838883,0.018000000000000002,pm
0.10486999137779761,0.018000000000000002,pm
0.21093043167248002,0.018000000000000002,pm
0.32087262197202987,0.018000000000000002,pm
0.6039000964868224,0.018000000000000002,pm
0.6939187397848045,0.018000000000000002,pm
0.8645158448158862,0.018000000000000002,pm
1.0836630824189106,0.018000000000000002,pm
1.1873912613383484,0.018000000000000002,pm
1.2708690966424696,0.018000000000000002,pm
1.359968746641459,0.018000000000000002,pm
1.4913876268361301,0.018000000000000002,pm
1.5688886179555752,0.018000000000000002,pm
1.666648733627343,0.018000000000000002,pm
1.6923804089913175,0.018000000000000002,pm
1.7710231231002753,0.018000000000000002,pm
1.975102897253916,0.018000000000000002,pm
2.0644882327570366,0.018000000000000002,pm
2.1871866768481145,0.018000000000000002,pm
2.270314698871944,0.018000000000000002,pm
2.335035046290221,0.018000000000000002,pm
2.466203331978802,0.018000000000000002,pm
2.5446148586974373,0.018000000000000002,pm
2.6457469704777163,0.018000000000000002,pm
2.7665481023726812,0.018000000000000002,pm
2.822701352967777,0.018000000000000002,pm
0.06526704305480407,0.020000000000000004,pm
0.21457537650243166,0.020000000000000004,pm
0.32324305276951387,0.020000000000000004,pm
0.6037910943112106,0.020000000000000004,pm
0.6958801693467528,0.020000000000000004,pm
0.8716536081929926,0.020000000000000004,pm
1.0836063880179407,0.020000000000000004,pm
1.187375031497635,0.020000000000000004,pm
1.2708775226274691,0.020000000000000004,pm
1.3591502068095527,0.020000000000000004,pm
1.4869722914591326,0.020000000000000004,pm
1.5672514030475602,0.020000000000000004,pm
1.6890741006889933,0.020000000000000004,pm
1.7709252202899228,0.020000000000000004,pm
1.9712161227963434,0.020000000000000004,pm
2.0650564596727126,0.020000000000000004,pm
2.1872425560349864,0.020000000000000004,pm
2.270828147531299,0.020000000000000004,pm
2.460892145690359,0.020000000000000004,pm
2.5440022712522756,0.020000000000000004,pm
2.645818319075576,0.020000000000000004,pm
2.8222531143344645,0.020000000000000004,pm
0.06674754594134805,0.022,pm
0.21947519141012203,0.022,pm
0.324942960808003,0.022,pm
0.6036468683733778,0.022,pm
0.6976282474350214,0.022,pm
0.8745739371342949,0.022,pm
1.0834958248986013,0.022,pm
1.1866358146120624,0.022,pm
1.2712055746096174,0.022,pm
1.3578518866970497,0.022,pm
1.4816176440040785,0.022,pm
1.565643187255732,0.022,pm
1.6879116345069862,0.022,pm
1.770862059950665,0.022,pm
1.9667405703650793,0.022,pm
2.065232260228105,0.022,pm
2.1873166926136642,0.022,pm
2.2708471657536573,0.022,pm
2.543340066474849,0.022,pm
2.648177995649506,0.022,pm
2.821729139385742,0.022,pm
0.06699162334653945,0.024,pm
0.21698201833925318,0.024,pm
0.32593460107743366,0.024,pm
0.6034470867256991,0.024,pm
0.6988255254356177,0.024,pm
0.8749150995498491,0.024,pm
1.0833750123319268,0.024,pm
1.1788940064902467,0.024,pm
1.2761161564674346,0.024,pm
1.3556776965081885,0.024,pm
1.5641121625793775,0.024,pm
1.687205248848916,0.024,pm
1.7708361084653284,0.024,pm
1.9623061458131252,0.024,pm
2.065090972683005,0.024,pm
2.187390714490822,0.024,pm
2.270893521848086,0.024,pm
2.5426873562779755,0.024,pm
2.651264918736803,0.024,pm
2.820771874961568,0.024,pm
0.06561976191476938,0.026000000000000002,pm
0.21592634109638056,0.026000000000000002,pm
0.3262446565727013,0.026000000000000002,pm
0.6031599741886277,0.026000000000000002,pm
0.6993064840691043,0.026000000000000002,pm
0.8750690348759875,0.026000000000000002,pm
1.0791933564862932,0.026000000000000002,pm
1.1701756533805312,0.026000000000000002,pm
1.2889409441402244,0.026000000000000002,pm
1.5626875993413756,0.026000000000000002,pm
1.685728174951991,0.026000000000000002,pm
1.7706453144907472,0.026000000000000002,pm
1.9584197456277417,0.026000000000000002,pm
2.0646968591407227,0.026000000000000002,pm
2.1874491451936193,0.026000000000000002,pm
2.2711906349250164,0.026000000000000002,pm
2.542088965525752,0.026000000000000002,pm
2.6535610332900337,0.026000000000000002,pm
2.8193631141597466,0.026000000000000002,pm
0.21662374845582807,0.028000000000000004,pm
0.32586486440799406,0.028000000000000004,pm
0.6027359517795575,0.028000000000000004,pm
0.6990156012735219,0.028000000000000004,pm
0.8760753748077211,0.028000000000000004,pm
1.1719521011615501,0.028000000000000004,pm
1.2877917880854803,0.028000000000000004,pm
1.5490215280418633,0.028000000000000004,pm
1.6850504436867488,0.028000000000000004,pm
1.7696693149115266,0.028000000000000004,pm
2.064126265241715,0.028000000000000004,pm
2.187482054094129,0.028000000000000004,pm
2.274781243096484,0.028000000000000004,pm
2.541081006536966,0.028000000000000004,pm
2.6552215461163127,0.028000000000000004,pm
2.8176016851026966,0.028000000000000004,pm
0.2178643723775314,0.03,pm
0.32472915545276115,0.03,pm
0.6021001357347392,0.03,pm
0.6979281513385458,0.03,pm
0.8833102314082092,0.03,pm
1.174802966272468,0.03,pm
1.2838971289951917,0.03,pm
1.6848332787550786,0.03,pm
1.766915620704306,0.03,pm
2.0634689284069094,0.03,pm
2.1874908246033957,0.03,pm
2.285201108844548,0.03,pm
2.5359207620860853,0.03,pm
2.6563843540249557,0.03,pm
2.815625809925558,0.03,pm
0.21917599218921352,0.032,pm
0.3226357005375067,0.032,pm
0.6011361858959455,0.032,pm
0.696040360394705,0.032,pm
0.8895461155090572,0.032,pm
1.1763517499212417,0.032,pm
1.2810723217360485,0.032,pm
1.6850397139308464,0.032,pm
1.7616276950311363,0.032,pm
2.062816312994729,0.032,pm
2.1874886112260326,0.032,pm
2.284898471766256,0.032,pm
2.5278444966022606,0.032,pm
2.6571322861443676,0.032,pm
2.813509520495593,0.032,pm
0.22031082281883982,0.034,pm
0.3192469839084873,0.034,pm
0.5996626466371321,0.034,pm
0.6935059783124096,0.034,pm
0.8878024974552979,0.034,pm
1.176602149471309,0.034,pm
1.279030085281079,0.034,pm
1.685707759443923,0.034,pm
1.7555088925065652,0.034,pm
2.0616858648924508,0.034,pm
2.187571369073583,0.034,pm
2.2819852207876417,0.034,pm
2.6575212418974052,0.034,pm
2.8092760923551885,0.034,pm
0.22109781365850092,0.036000000000000004,pm
0.3139814571414252,0.036000000000000004,pm
0.5973880834600833,0.036000000000000004,pm
0.690736724772111,0.036000000000000004,pm
0.8860105595776203,0.036000000000000004,pm
1.1755781788435606,0.036000000000000004,pm
1.2771428546058976,0.036000000000000004,pm
1.686907691972896,0.036000000000000004,pm
1.7515636322903974,0.036000000000000004,pm
2.0581098623873277,0.036000000000000004,pm
2.1880509919984186,0.036000000000000004,pm
2.278777649720324,0.036000000000000004,pm
2.6575787636542425,0.036000000000000004,pm
2.804665275912642,0.036000000000000004,pm
0.22137864632229826,0.038000000000000006,pm
0.5938256151141359,0.038000000000000006,pm
0.6882939199287399,0.038000000000000006,pm
0.8849190994801159,0.038000000000000006,pm
1.1727838774297905,0.038000000000000006,pm
1.2749521595632363,0.038000000000000006,pm
1.7500804157485843,0.038000000000000006,pm
2.0517277726593903,0.038000000000000006,pm
2.190379457913274,0.038000000000000006,pm
2.274073432663186,0.038000000000000006,pm
2.6573085468927595,0.038000000000000006,pm
2.8004300561572397,0.038000000000000006,pm
0.2209726548252522,0.04,pm
0.5881039561328847,0.04,pm
0.6785954475887545,0.04,pm
0.8841294661620928,0.04,pm
1.2720564794584455,0.04,pm
1.7415168373110217,0.04,pm
2.044337576161928,0.04,pm
2.1954234650554523,0.04,pm
2.2525695316166385,0.04,pm
2.656695428178283,0.04,pm
2.795806801527017,0.04,pm
0.21957483453251864,0.042,pm
0.8833340499830237,0.042,pm
1.2632317821394283,0.042,pm
1.7336801674336608,0.042,pm
2.1979124271335793,0.042,pm
2.6557247432245137,0.042,pm
0.21664141232143813,0.044000000000000004,pm
0.8823415424981922,0.044000000000000004,pm
1.253378772639928,0.044000000000000004,pm
1.729617510413334,0.044000000000000004,pm
2.1986508176986455,0.044000000000000004,pm
2.654384381979237,0.044000000000000004,pm
0.2108170361291002,0.046,pm
0.8810120479699433,0.046,pm
1.7210351105033208,0.046,pm
2.1997764127561292,0.046,pm
2.652696599112802,0.046,pm
0.8792441218479626,0.048,pm
1.714862319906507,0.048,pm
2.201603182959202,0.048,pm
2.6507207852120485,0.048,pm
0.876928753016609,0.05,pm
1.7106958174331723,0.05,pm
2.2038263170428825,0.05,pm
2.648572109941612,0.05,pm
0.8712433600459373,0.052000000000000005,pm
1.7069608187241738,0.052000000000000005,pm
2.2059620137798195,0.052000000000000005,pm
2.6464167477004494,0.052000000000000005,pm
0.8629733555713737,0.054000000000000006,pm
1.699408878412301,0.054000000000000006,pm
2.207375834700486,0.054000000000000006,pm
2.641971851364901,0.054000000000000006,pm
0.8568044667085543,0.056,pm
1.6921348407165182,0.056,pm
2.2076154948704576,0.056,pm
2.6344558126615842,0.056,pm
2.2061456093229688,0.058,pm
2.626001039997466,0.058,pm
2.2027350189868398,0.060000000000000005,pm
2.1970024537331763,0.062,pm
2.187910435183019,0.064,pm
0.041660296252805096,0.002,mp
0.09847954973372705,0.002,mp
0.16661811190214368,0.002,mp
0.24987656911716502,0.002,mp
0.2907170177068934,0.002,mp
0.3777243135030593,0.002,mp
0.4342075200163931,0.002,mp
0.5625061733049863,0.002,mp
0.645764902738613,0.002,mp
0.7093182069105334,0.002,mp
0.7937134977562653,0.002,mp
0.8658473444400597,0.002,mp
0.9148098636137733,0.002,mp
0.9973297269972098,0.002,mp
1.0590793142905972,0.002,mp
1.1458933753848768,0.002,mp
1.2281372021448962,0.002,mp
1.3261525333316884,0.002,mp
1.473402947748494,0.002,mp
1.557863428701249,0.002,mp
1.617326668326748,0.002,mp
1.708204676166778,0.002,mp
1.7662160877297166,0.002,mp
1.8336110108003438,0.002,mp
1.9547074986191693,0.002,mp
2.021137312040283,0.002,mp
2.1341765459966275,0.002,mp
2.2298414596882674,0.002,mp
2.312442479267777,0.002,mp
2.3708433526589583,0.002,mp
2.4474485037364335,0.002,mp
2.5364840092790066,0.002,mp
2.5967742528663034,0.002,mp
2.6800130455408584,0.002,mp
2.729849113359864,0.002,mp
2.79114770593064,0.002,mp
2.812555913204606,0.002,mp
2.8820085365668318,0.002,mp
0.04166029652088199,0.004,mp
0.09847946651909753,0.004,mp
0.16661811475891822,0.004,mp
0.24987656934068841,0.004,mp
0.290717011086059,0.004,mp
0.37772433618466456,0.004,mp
0.4342075526166591,0.004,mp
0.5625061736251202,0.004,mp
0.6457649017497197,0.004,mp
0.7093182200531899,0.004,mp
0.793713509248695,0.004,mp
0.8658473894755565,0.004,mp
0.9148098287877986,0.004,mp
0.9973297311635985,0.004,mp
1.0590793160618432,0.004,mp
1.1458933748955096,0.004,mp
1.228137203828421,0.004,mp
1.3261525457678898,0.004,mp
1.4734029368769803,0.004,mp
1.5578634800915718,0.004,mp
1.6173266961962982,0.004,mp
1.708204669644796,0.004,mp
1.7662159094420067,0.004,mp
1.8336109889910446,0.004,mp
1.9547062088265108,0.004,mp
2.021137310049716,0.004,mp
2.134176547318595,0.004,mp
2.229841456100676,0.004,mp
2.312442479870891,0.004,mp
2.3708433669367506,0.004,mp
2.4474485436934814,0.004,mp
2.5364839673372868,0.004,mp
2.5967742620433802,0.004,mp
2.6800130253087175,0.004,mp
2.729849120028751,0.004,mp
2.7911476984200205,0.004,mp
2.8125559100280886,0.004,mp
2.882008643056774,0.004,mp
0.04166077983608005,0.006,mp
0.09832448312950887,0.006,mp
0.16662344007370275,0.006,mp
0.24987699522486462,0.006,mp
0.2907046044490296,0.006,mp
0.3777670491872279,0.006,mp
0.434268926821592,0.006,mp
0.5625067921586747,0.006,mp
0.6457630401005442,0.006,mp
0.709342968314739,0.006,mp
0.7937350836951907,0.006,mp
0.8659332676544393,0.006,mp
0.9147435253324958,0.006,mp
0.9973379126328177,0.006,mp
1.059082819524607,0.006,mp
1.1458924652036806,0.006,mp
1.22814039458112,0.006,mp
1.3261759299824458,0.006,mp
1.4733827305213738,0.006,mp
1.5579592719852466,0.006,mp
1.6173788922218124,0.006,mp
1.7081916426101063,0.006,mp
1.765868078432751,0.006,mp
1.8335728905638289,0.006,mp
1.9527130715870717,0.006,mp
2.0211336217539846,0.006,mp
2.134179149421581,0.006,mp
2.2298349060601006,0.006,mp
2.312443605471381,0.006,mp
2.3708701683419564,0.006,mp
2.4475223820118885,0.006,mp
2.53640572333228,0.006,mp
2.596791564366913,0.006,mp
2.679975749233172,0.006,mp
2.7298616663337674,0.006,mp
2.7911335510574276,0.006,mp
2.8125502085013294,0.006,mp
2.8822100072077057,0.006,mp
0.041663531150711294,0.008,mp
0.09648291665927014,0.008,mp
0.16674733185374732,0.008,mp
0.249883924813962,0.008,mp
0.2905415244838461,0.008,mp
0.37837079559347375,0.008,mp
0.4351337399311847,0.008,mp
0.5625187263869318,0.008,mp
0.6457372394200614,0.008,mp
0.7096905261345196,0.008,mp
0.7940263672615987,0.008,mp
0.8673973672671444,0.008,mp
0.9136698662376046,0.008,mp
0.9975126500671645,0.008,mp
1.0591614478985094,0.008,mp
1.145881693828274,0.008,mp
1.2281882910164679,0.008,mp
1.3264970652803212,0.008,mp
1.4731443257777506,0.008,mp
1.5591214587724818,0.008,mp
1.61805972867811,0.008,mp
1.7077017605220617,0.008,mp
1.753090971748729,0.008,mp
1.8333597099493426,0.008,mp
1.9467788013806129,0.008,mp
2.0210917140010722,0.008,mp
2.1342338155311675,0.008,mp
2.2297731799264104,0.008,mp
2.3124574218271015,0.008,mp
2.371232060766206,0.008,mp
2.448333015091807,0.008,mp
2.535405485680088,0.008,mp
2.597036723387029,0.008,mp
2.6796040866946567,0.008,mp
2.7300362836369048,0.008,mp
2.790934691061591,0.008,mp
2.812507461467687,0.008,mp
2.8852146486593147,0.008,mp
0.041542135487399115,0.01,mp
0.09331184985509076,0.01,mp
0.1671657063043784,0.01,mp
0.24991509247049803,0.01,mp
0.2901158622981738,0.01,mp
0.3804250976779087,0.01,mp
0.5625928989944677,0.01,mp
0.6456686888426546,0.01,mp
0.7108145071435854,0.01,mp
0.7948655230886723,0.01,mp
0.9096192451585752,0.01,mp
0.9985274678598355,0.01,mp
1.0596230261533561,0.01,mp
1.1458604943598587,0.01,mp
1.2283497211827255,0.01,mp
1.3274367145421087,0.01,mp
1.4726874432456534,0.01,mp
1.5612757189394186,0.01,mp
1.6197789018439381,0.01,mp
1.6766709870912875,0.01,mp
1.7496893155563646,0.01,mp
1.8334693000641566,0.01,mp
1.9471739240484793,0.01,mp
2.021017522330846,0.01,mp
2.1345000218311023,0.01,mp
2.229715856081754,0.01,mp
2.312483320888625,0.01,mp
2.3722942792346093,0.01,mp
2.449633734531687,0.01,mp
2.531394933427327,0.01,mp
2.597790529279322,0.01,mp
2.6798096999186156,0.01,mp
2.730594827693672,0.01,mp
2.7903229446014377,0.01,mp
0.03777299769411453,0.012,mp
0.09154288128147757,0.012,mp
0.16748973588285626,0.012,mp
0.24999115648939776,0.012,mp
0.28956292780052173,0.012,mp
0.38467769318724565,0.012,mp
0.5628273705716609,0.012,mp
0.6456492782083024,0.012,mp
0.7131143308477907,0.012,mp
0.7961570752625411,0.012,mp
1.0606842714281073,0.012,mp
1.1458410583862553,0.012,mp
1.2285966737829115,0.012,mp
1.3288460555030495,0.012,mp
1.472299147638552,0.012,mp
1.5623785823768348,0.012,mp
1.6217747472250281,0.012,mp
1.676458931019815,0.012,mp
1.7479232177665196,0.012,mp
1.9487348402851983,0.012,mp
2.0209527259473297,0.012,mp
2.134968619577356,0.012,mp
2.229723172353011,0.012,mp
2.3124974405847887,0.012,mp
2.3741178689166125,0.012,mp
2.450587809399659,0.012,mp
2.5207814262674444,0.012,mp
2.598890951787171,0.012,mp
2.6862695874608833,0.012,mp
2.731642110593965,0.012,mp
2.789408309260347,0.012,mp
0.023698739108788437,0.014,mp
0.09149285878435215,0.014,mp
0.16772138014798335,0.014,mp
0.28900525349139133,0.014,mp
0.39141304319430964,0.014,mp
0.5632969825820506,0.014,mp
0.6458350895386454,0.014,mp
0.7192283372219301,0.014,mp
0.7976469548244493,0.014,mp
1.0610339102022914,0.014,mp
1.1451953434471869,0.014,mp
1.2288342315883258,0.014,mp
1.3303793909303738,0.014,mp
1.4721001479338691,0.014,mp
1.5592874591433705,0.014,mp
1.6232614763254196,0.014,mp
1.6768908466139976,0.014,mp
1.7415245057620616,0.014,mp
1.949425340320663,0.014,mp
2.0208976257086233,0.014,mp
2.1353685687164896,0.014,mp
2.229772528663008,0.014,mp
2.3133561502916273,0.014,mp
2.4512627545686216,0.014,mp
2.520262734081084,0.014,mp
2.599925640728758,0.014,mp
2.733212986131281,0.014,mp
2.7884800922664437,0.014,mp
0.020861647107711476,0.016,mp
0.0931314796600425,0.016,mp
0.16792744830765022,0.016,mp
0.28843921766027,0.016,mp
0.5640577964370896,0.016,mp
0.645848497514442,0.016,mp
0.7991967503270562,0.016,mp
1.0479475631478812,0.016,mp
1.1441772906966081,0.016,mp
1.2290218922405687,0.016,mp
1.3318216838051637,0.016,mp
1.4722184610191889,0.016,mp
1.5271537975505924,0.016,mp
1.624141499853255,0.016,mp
1.6759408574166026,0.016,mp
1.7323939566587165,0.016,mp
1.9491059420852819,0.016,mp
2.0208557192213163,0.016,mp
2.1355009108831733,0.016,mp
2.22985288023257,0.016,mp
2.321650356482621,0.016,mp
2.4520224259351444,0.016,mp
2.5133785401857853,0.016,mp
2.6007109048717902,0.016,mp
2.735324022686143,0.016,mp
2.787268018851386,0.016,mp
0.021397967803601637,0.018000000000000002,mp
0.09800063908324172,0.018000000000000002,mp
0.16815739951464279,0.018000000000000002,mp
0.28794591649114615,0.018000000000000002,mp
0.5651302166308378,0.018000000000000002,mp
0.6458906018253339,0.018000000000000002,mp
0.8007915061456612,0.018000000000000002,mp
1.0437574526389297,0.018000000000000002,mp
1.143503594813164,0.018000000000000002,mp
1.2291676457630558,0.018000000000000002,mp
1.3330985371422024,0.018000000000000002,mp
1.4728955522838236,0.018000000000000002,mp
1.5300178402787272,0.018000000000000002,mp
1.6246079061946639,0.018000000000000002,mp
1.6700600835657011,0.018000000000000002,mp
1.7293426270658123,0.018000000000000002,mp
1.9480005948191594,0.018000000000000002,mp
2.02084579165613,0.018000000000000002,mp
2.1353531603778864,0.018000000000000002,mp
2.229973600459823,0.018000000000000002,mp
2.331016592107216,0.018000000000000002,mp
2.453355374336397,0.018000000000000002,mp
2.5006368572267474,0.018000000000000002,mp
2.601272906494198,0.018000000000000002,mp
2.7379373119614865,0.018000000000000002,mp
2.7810869797965787,0.018000000000000002,mp
0.023830977587036384,0.020000000000000004,mp
0.16844310272644153,0.020000000000000004,mp
0.2877337129676372,0.020000000000000004,mp
0.5658752318852459,0.020000000000000004,mp
0.6461034451431926,0.020000000000000004,mp
0.8024339140297625,0.020000000000000004,mp
1.0455347489863316,0.020000000000000004,mp
1.1430576333021398,0.020000000000000004,mp
1.2292372609929338,0.020000000000000004,mp
1.3362460185282912,0.020000000000000004,mp
1.4744723096089976,0.020000000000000004,mp
1.5322146755212662,0.020000000000000004,mp
1.624828381166324,0.020000000000000004,mp
1.7297793927116143,0.020000000000000004,mp
1.946491139640751,0.020000000000000004,mp
2.0209764351321478,0.020000000000000004,mp
2.1350195880762692,0.020000000000000004,mp
2.2301572904414555,0.020000000000000004,mp
2.455966088752359,0.020000000000000004,mp
2.505880773768775,0.020000000000000004,mp
2.601679815424057,0.020000000000000004,mp
2.7408860112772335,0.020000000000000004,mp
0.028241960032885212,0.022,mp
0.1688102918265442,0.022,mp
0.28795548797007714,0.022,mp
0.5608525470232175,0.022,mp
0.6475285496384583,0.022,mp
0.8041092125465322,0.022,mp
1.0477003926726778,0.022,mp
1.1428008886293257,0.022,mp
1.2293448541375323,0.022,mp
1.341851354551869,0.022,mp
1.4774103195015051,0.022,mp
1.5337795540191412,0.022,mp
1.6249098982187011,0.022,mp
1.7340918443216207,0.022,mp
1.945389815615027,0.022,mp
2.0225054797299284,0.022,mp
2.1346139948407385,0.022,mp
2.230443413738365,0.022,mp
2.510181447032157,0.022,mp
2.601978036216235,0.022,mp
2.74388121769845,0.022,mp
0.03464939318235612,0.024,mp
0.16928943934636081,0.024,mp
0.28861321636258674,0.024,mp
0.5466319888310998,0.024,mp
0.6546530972145287,0.024,mp
0.8057867421662719,0.024,mp
1.0503723266382672,0.024,mp
1.14272829691691,0.024,mp
1.2295031500951066,0.024,mp
1.3497206706840228,0.024,mp
1.535124210661307,0.024,mp
1.6249199682792494,0.024,mp
1.7411565197207401,0.024,mp
1.946773939630757,0.024,mp
2.0317287843411282,0.024,mp
2.134230370115244,0.024,mp
2.230898131411146,0.024,mp
2.5115362932487972,0.024,mp
2.602193974416064,0.024,mp
2.7466201194378783,0.024,mp
0.05056738917164796,0.026000000000000002,mp
0.16992264335370597,0.026000000000000002,mp
0.2896423293239202,0.026000000000000002,mp
0.5446290400830129,0.026000000000000002,mp
0.6605955581410026,0.026000000000000002,mp
0.8074406374820912,0.026000000000000002,mp
1.0547916411890814,0.026000000000000002,mp
1.1428479388547754,0.026000000000000002,mp
1.2297291508263575,0.026000000000000002,mp
1.5367569490771862,0.026000000000000002,mp
1.6249349623287452,0.026000000000000002,mp
1.7416541698255723,0.026000000000000002,mp
1.957763167302204,0.026000000000000002,mp
2.0403647250931836,0.026000000000000002,mp
2.1339375169182526,0.026000000000000002,mp
2.2316295753849795,0.026000000000000002,mp
2.5118304043365107,0.026000000000000002,mp
2.602341235257808,0.026000000000000002,mp
2.7489041144242883,0.026000000000000002,mp
0.17077144643563066,0.028000000000000004,mp
0.2909677810244772,0.028000000000000004,mp
0.5489454023416053,0.028000000000000004,mp
0.6594023905922117,0.028000000000000004,mp
0.8090525055266636,0.028000000000000004,mp
1.1431722796455828,0.028000000000000004,mp
1.230044857919664,0.028000000000000004,mp
1.539392850021365,0.028000000000000004,mp
1.625214884013759,0.028000000000000004,mp
1.7179326448591357,0.028000000000000004,mp
2.0389161609540514,0.028000000000000004,mp
2.1337799533175086,0.028000000000000004,mp
2.23279872312911,0.028000000000000004,mp
2.512040013250296,0.028000000000000004,mp
2.602427732597526,0.028000000000000004,mp
2.752423149227104,0.028000000000000004,mp
0.17190703077465475,0.03,mp
0.2929813600259387,0.03,mp
0.5530403018635636,0.03,mp
0.6575705714590397,0.03,mp
0.8106045937962002,0.03,mp
1.1437060711400913,0.03,mp
1.230481839745537,0.03,mp
1.6261668776865719,0.03,mp
1.7178275324512498,0.03,mp
2.033952837273074,0.03,mp
2.133787125295279,0.03,mp
2.2346054468353147,0.03,mp
2.512911502402158,0.03,mp
2.602452948225625,0.03,mp
2.7572548855049392,0.03,mp
0.17342659574649857,0.032,mp
0.2968995936749961,0.032,mp
0.5563414650418811,0.032,mp
0.6566631170809608,0.032,mp
0.8120985825025931,0.032,mp
1.1444404657756098,0.032,mp
1.2310780685325249,0.032,mp
1.6285463612187663,0.032,mp
1.718184894478794,0.032,mp
2.0301730306579184,0.032,mp
2.1339809526220956,0.032,mp
2.2371656654768235,0.032,mp
2.515419116888281,0.032,mp
2.602388092381244,0.032,mp
2.7613513951443784,0.032,mp
0.17540436803639053,0.034,mp
0.30288760142321897,0.034,mp
0.5596359547100719,0.034,mp
0.6565710410900724,0.034,mp
0.812804132622771,0.034,mp
1.1453340795005047,0.034,mp
1.2318930836653217,0.034,mp
1.631972376779991,0.034,mp
1.7170172610254864,0.034,mp
2.0287133843922556,0.034,mp
2.1343817140793604,0.034,mp
2.240358846025788,0.034,mp
2.602088710539293,0.034,mp
2.7650364034466457,0.034,mp
0.17785315060853396,0.036000000000000004,mp
0.3106382029645983,0.036000000000000004,mp
0.5648591090671831,0.036000000000000004,mp
0.6571908817326212,0.036000000000000004,mp
0.813363886580109,0.036000000000000004,mp
1.1480464248925812,0.036000000000000004,mp
1.2330251851842777,0.036000000000000004,mp
1.634444720020878,0.036000000000000004,mp
1.7138343420402684,0.036000000000000004,mp
2.029184914564421,0.036000000000000004,mp
2.135002886162633,0.036000000000000004,mp
2.243758679057997,0.036000000000000004,mp
2.6009599820318905,0.036000000000000004,mp
2.7684166510828323,0.036000000000000004,mp
0.18068429543661965,0.038000000000000006,mp
0.5719780964778794,0.038000000000000006,mp
0.6586831272985715,0.038000000000000006,mp
0.8141085388147709,0.038000000000000006,mp
1.156459863460067,0.038000000000000006,mp
1.2346472734668388,0.038000000000000006,mp
1.6357942995066872,0.038000000000000006,mp
2.0316434421502994,0.038000000000000006,mp
2.1358571007150813,0.038000000000000006,mp
2.2469327533905195,0.038000000000000006,mp
2.5977470817210557,0.038000000000000006,mp
2.772773803007452,0.038000000000000006,mp
0.18372151120456776,0.04,mp
0.5788262022383024,0.04,mp
0.6616673205632038,0.04,mp
0.8150687882751511,0.04,mp
1.2370487469380076,0.04,mp
1.637025454884172,0.04,mp
2.037370896401726,0.04,mp
2.1369440671622053,0.04,mp
2.249777460090049,0.04,mp
2.594625688514468,0.04,mp
2.7827625779243785,0.04,mp
0.18665784375880481,0.042,mp
0.8162844964367139,0.042,mp
1.2408146377380522,0.042,mp
1.6387190312262032,0.042,mp
2.138251695400268,0.042,mp
2.5942001108744885,0.042,mp
0.1945638448942486,0.044000000000000004,mp
0.817806759599342,0.044000000000000004,mp
1.246992984862888,0.044000000000000004,mp
1.641163923509067,0.044000000000000004,mp
2.139741689802001,0.044000000000000004,mp
2.5947333380703332,0.044000000000000004,mp
0.20557832167799286,0.046,mp
0.81972684000256,0.046,mp
1.644392351411616,0.046,mp
2.1413466175007705,0.046,mp
2.5954153975822702,0.046,mp
0.8221068058396519,0.048,mp
1.649700530418892,0.048,mp
2.142992606212507,0.048,mp
2.596249830094423,0.048,mp
0.8250634152741229,0.05,mp
1.6537785445693185,0.05,mp
2.144596039366409,0.05,mp
2.597412049085238,0.05,mp
0.8287390803513484,0.052000000000000005,mp
1.6570073911739915,0.052000000000000005,mp
2.1462687330381445,0.052000000000000005,mp
2.599136779651793,0.052000000000000005,mp
0.8332801503195405,0.054000000000000006,mp
1.6602861417696664,0.054000000000000006,mp
2.1495303234420957,0.054000000000000006,mp
2.6017339834537756,0.054000000000000006,mp
0.8435119872063815,0.056,mp
1.6642918128904252,0.056,mp
2.1538483738539766,0.056,mp
2.608188630854864,0.056,mp
2.1587278350967924,0.058,mp
2.6226462140513456,0.058,mp
2.1635529935530293,0.060000000000000005,mp
2.1714114386655714,0.062,mp
2.1870001662925587,0.064,mp
